sample_id	input	path	md5	size_bytes	recorded
PRJNA298310_3812	dna_deepsomatic	/t9k/mnt/WorkSpace/data/ngs/liuxin/seq2neo/output_1/PRJNA298310_3812/variant_calling/deepsomatic/PRJNA298310_3812DT_vs_PRJNA298310_3812DN/PRJNA298310_3812DT_vs_PRJNA298310_3812DN.deepsomatic.vcf.gz	211ab5a7a1d04b5d1dfcad7ceaed40bf	1751659	2026-08-30T10:15:14.660401
PRJNA298310_3812	dna_mutect2	/t9k/mnt/WorkSpace/data/ngs/liuxin/seq2neo/output_1/PRJNA298310_3812/variant_calling/mutect2/PRJNA298310_3812DT_vs_PRJNA298310_3812DN/PRJNA298310_3812DT_vs_PRJNA298310_3812DN.mutect2.filtered.vcf.gz	3a8a7f5fcb5168b27a2b10ea56a21b5b	758694	2026-08-30T10:15:14.660401
PRJNA298310_3812	dna_strelka	/t9k/mnt/WorkSpace/data/ngs/liuxin/seq2neo/output_1/PRJNA298310_3812/variant_calling/strelka/PRJNA298310_3812DT_vs_PRJNA298310_3812DN/PRJNA298310_3812DT_vs_PRJNA298310_3812DN.strelka.variants.vcf.gz	106adda7b4f262373cca4a11d627c634	932388	2026-08-30T10:15:14.660401
PRJNA298310_3812	rna_deepsomatic	/t9k/mnt/WorkSpace/data/ngs/liuxin/seq2neo/output_1/PRJNA298310_3812/vcf_realignment/variant_calling/deepsomatic/PRJNA298310_3812RT_realign_vs_PRJNA298310_3812DN/PRJNA298310_3812RT_realign_vs_PRJNA298310_3812DN.deepsomatic.vcf.gz	b6d1277fa6258ba264bfb5d35ccefef3	1949994	2026-08-30T10:15:14.660401
PRJNA298310_3812	rna_mutect2	/t9k/mnt/WorkSpace/data/ngs/liuxin/seq2neo/output_1/PRJNA298310_3812/vcf_realignment/variant_calling/mutect2/PRJNA298310_3812RT_realign_vs_PRJNA298310_3812DN/PRJNA298310_3812RT_realign_vs_PRJNA298310_3812DN.mutect2.filtered.vcf.gz	51dc0a384fbd8a7356ba74d28463faa8	353137	2026-08-30T10:15:14.660401
PRJNA298310_3812	rna_strelka	/t9k/mnt/WorkSpace/data/ngs/liuxin/seq2neo/output_1/PRJNA298310_3812/vcf_realignment/variant_calling/strelka/PRJNA298310_3812RT_realign_vs_PRJNA298310_3812DN/PRJNA298310_3812RT_realign_vs_PRJNA298310_3812DN.strelka.variants.vcf.gz	a1d4f7a0b7bed6ee8a834b5cb3a9cabb	2166008	2026-08-30T10:15:14.660401
PRJNA298330_3812	dna_deepsomatic	/t9k/mnt/WorkSpace/data/ngs/liuxin/seq2neo/output_1/PRJNA298330_3812/variant_calling/deepsomatic/PRJNA298330_3812DT_vs_PRJNA298330_3812DN/PRJNA298330_3812DT_vs_PRJNA298330_3812DN.deepsomatic.vcf.gz	4661a17f3d4ee4ae708052c72c0dc545	5769533	2026-08-30T04:31:17.127525
PRJNA298330_3812	dna_mutect2	/t9k/mnt/WorkSpace/data/ngs/liuxin/seq2neo/output_1/PRJNA298330_3812/variant_calling/mutect2/PRJNA298330_3812DT_vs_PRJNA298330_3812DN/PRJNA298330_3812DT_vs_PRJNA298330_3812DN.mutect2.filtered.vcf.gz	f7041d99b442605bce514d24203e4693	1172580	2026-08-30T04:31:17.127525
PRJNA298330_3812	dna_strelka	/t9k/mnt/WorkSpace/data/ngs/liuxin/seq2neo/output_1/PRJNA298330_3812/variant_calling/strelka/PRJNA298330_3812DT_vs_PRJNA298330_3812DN/PRJNA298330_3812DT_vs_PRJNA298330_3812DN.strelka.variants.vcf.gz	aae48fd23a9f334d72170987f4784621	1199676	2026-08-30T04:31:17.127525
PRJNA298330_3812	rna_deepsomatic	/t9k/mnt/WorkSpace/data/ngs/liuxin/seq2neo/output_1/PRJNA298330_3812/vcf_realignment/variant_calling/deepsomatic/PRJNA298330_3812RT_realign_vs_PRJNA298330_3812DN/PRJNA298330_3812RT_realign_vs_PRJNA298330_3812DN.deepsomatic.vcf.gz	c93f045d446a413c4d7450b47624ac26	104401	2026-08-30T04:31:17.127525
PRJNA298330_3812	rna_mutect2	/t9k/mnt/WorkSpace/data/ngs/liuxin/seq2neo/output_1/PRJNA298330_3812/vcf_realignment/variant_calling/mutect2/PRJNA298330_3812RT_realign_vs_PRJNA298330_3812DN/PRJNA298330_3812RT_realign_vs_PRJNA298330_3812DN.mutect2.filtered.vcf.gz	3255658f660cadaad7f5a750fa8589af	39012	2026-08-30T04:31:17.127525
PRJNA298330_3812	rna_strelka	/t9k/mnt/WorkSpace/data/ngs/liuxin/seq2neo/output_1/PRJNA298330_3812/vcf_realignment/variant_calling/strelka/PRJNA298330_3812RT_realign_vs_PRJNA298330_3812DN/PRJNA298330_3812RT_realign_vs_PRJNA298330_3812DN.strelka.variants.vcf.gz	9c414e24049c6fe70c76a8bcd39ceb63	247021	2026-08-30T04:31:17.127525
PRJNA298330_3942	dna_deepsomatic	/t9k/mnt/WorkSpace/data/ngs/liuxin/seq2neo/output_1/PRJNA298330_3942/variant_calling/deepsomatic/PRJNA298330_3942DT_vs_PRJNA298330_3942DN/PRJNA298330_3942DT_vs_PRJNA298330_3942DN.deepsomatic.vcf.gz	e3a8acc996bba06715bc0000513e1f26	6301056	2026-08-30T10:27:58.247754
PRJNA298330_3942	dna_mutect2	/t9k/mnt/WorkSpace/data/ngs/liuxin/seq2neo/output_1/PRJNA298330_3942/variant_calling/mutect2/PRJNA298330_3942DT_vs_PRJNA298330_3942DN/PRJNA298330_3942DT_vs_PRJNA298330_3942DN.mutect2.filtered.vcf.gz	9e99169e4a9d55a6ba2f25917b28e9e8	1095488	2026-08-30T10:27:58.247754
PRJNA298330_3942	dna_strelka	/t9k/mnt/WorkSpace/data/ngs/liuxin/seq2neo/output_1/PRJNA298330_3942/variant_calling/strelka/PRJNA298330_3942DT_vs_PRJNA298330_3942DN/PRJNA298330_3942DT_vs_PRJNA298330_3942DN.strelka.variants.vcf.gz	f43338b5ccf6a0b71600fef8f0ddda1a	1201979	2026-08-30T10:27:58.247754
PRJNA298330_3942	rna_deepsomatic	/t9k/mnt/WorkSpace/data/ngs/liuxin/seq2neo/output_1/PRJNA298330_3942/vcf_realignment/variant_calling/deepsomatic/PRJNA298330_3942RT_realign_vs_PRJNA298330_3942DN/PRJNA298330_3942RT_realign_vs_PRJNA298330_3942DN.deepsomatic.vcf.gz	478e66484fbf100022cb85de4bbc3817	1658126	2026-08-30T10:27:58.247754
PRJNA298330_3942	rna_mutect2	/t9k/mnt/WorkSpace/data/ngs/liuxin/seq2neo/output_1/PRJNA298330_3942/vcf_realignment/variant_calling/mutect2/PRJNA298330_3942RT_realign_vs_PRJNA298330_3942DN/PRJNA298330_3942RT_realign_vs_PRJNA298330_3942DN.mutect2.filtered.vcf.gz	c1ee4aa3cb693b98d5acbe7235463ee0	390459	2026-08-30T10:27:58.247754
PRJNA298330_3942	rna_strelka	/t9k/mnt/WorkSpace/data/ngs/liuxin/seq2neo/output_1/PRJNA298330_3942/vcf_realignment/variant_calling/strelka/PRJNA298330_3942RT_realign_vs_PRJNA298330_3942DN/PRJNA298330_3942RT_realign_vs_PRJNA298330_3942DN.strelka.variants.vcf.gz	23a3b284e94be74c85d6242ec80fb06a	1692905	2026-08-30T10:27:58.247754
PRJNA298330_3948	dna_deepsomatic	/t9k/mnt/WorkSpace/data/ngs/liuxin/seq2neo/output_1/PRJNA298330_3948/variant_calling/deepsomatic/PRJNA298330_3948DT_vs_PRJNA298330_3948DN/PRJNA298330_3948DT_vs_PRJNA298330_3948DN.deepsomatic.vcf.gz	38dbc0eec5cb22f7ebc6ea4690091b36	6540204	2026-08-30T08:24:09.663471
PRJNA298330_3948	dna_mutect2	/t9k/mnt/WorkSpace/data/ngs/liuxin/seq2neo/output_1/PRJNA298330_3948/variant_calling/mutect2/PRJNA298330_3948DT_vs_PRJNA298330_3948DN/PRJNA298330_3948DT_vs_PRJNA298330_3948DN.mutect2.filtered.vcf.gz	3a6aa0a5763f5188225be0bc2b35d8eb	3929786	2026-08-30T08:24:09.663471
PRJNA298330_3948	dna_strelka	/t9k/mnt/WorkSpace/data/ngs/liuxin/seq2neo/output_1/PRJNA298330_3948/variant_calling/strelka/PRJNA298330_3948DT_vs_PRJNA298330_3948DN/PRJNA298330_3948DT_vs_PRJNA298330_3948DN.strelka.variants.vcf.gz	a80721ba7924fb4d3513a2bcc41901b1	465320	2026-08-30T08:24:09.663471
PRJNA298330_3948	rna_deepsomatic	/t9k/mnt/WorkSpace/data/ngs/liuxin/seq2neo/output_1/PRJNA298330_3948/vcf_realignment/variant_calling/deepsomatic/PRJNA298330_3948RT_realign_vs_PRJNA298330_3948DN/PRJNA298330_3948RT_realign_vs_PRJNA298330_3948DN.deepsomatic.vcf.gz	442c8c3985eb72953cdff2c65f7cbec1	9914265	2026-08-30T08:24:09.663471
PRJNA298330_3948	rna_mutect2	/t9k/mnt/WorkSpace/data/ngs/liuxin/seq2neo/output_1/PRJNA298330_3948/vcf_realignment/variant_calling/mutect2/PRJNA298330_3948RT_realign_vs_PRJNA298330_3948DN/PRJNA298330_3948RT_realign_vs_PRJNA298330_3948DN.mutect2.filtered.vcf.gz	42d49d4393da12ccef76c519d5f21165	345171	2026-08-30T08:24:09.663471
PRJNA298330_3948	rna_strelka	/t9k/mnt/WorkSpace/data/ngs/liuxin/seq2neo/output_1/PRJNA298330_3948/vcf_realignment/variant_calling/strelka/PRJNA298330_3948RT_realign_vs_PRJNA298330_3948DN/PRJNA298330_3948RT_realign_vs_PRJNA298330_3948DN.strelka.variants.vcf.gz	c13b2058d38608a21d3e7e66b39b2479	2716571	2026-08-30T08:24:09.663471
PRJNA298330_3978	dna_deepsomatic	/t9k/mnt/WorkSpace/data/ngs/liuxin/seq2neo/output_1/PRJNA298330_3978/variant_calling/deepsomatic/PRJNA298330_3978DT_vs_PRJNA298330_3978DN/PRJNA298330_3978DT_vs_PRJNA298330_3978DN.deepsomatic.vcf.gz	b5fe20dfbbc5d41b77e6f7f3e8bf6597	5964977	2026-08-30T05:23:09.445630
PRJNA298330_3978	dna_mutect2	/t9k/mnt/WorkSpace/data/ngs/liuxin/seq2neo/output_1/PRJNA298330_3978/variant_calling/mutect2/PRJNA298330_3978DT_vs_PRJNA298330_3978DN/PRJNA298330_3978DT_vs_PRJNA298330_3978DN.mutect2.filtered.vcf.gz	6205c71f9abd68dbf066c23240f95083	1694504	2026-08-30T05:23:09.445630
PRJNA298330_3978	dna_strelka	/t9k/mnt/WorkSpace/data/ngs/liuxin/seq2neo/output_1/PRJNA298330_3978/variant_calling/strelka/PRJNA298330_3978DT_vs_PRJNA298330_3978DN/PRJNA298330_3978DT_vs_PRJNA298330_3978DN.strelka.variants.vcf.gz	3c3504ea97e2766f3d4a76c131630be3	706901	2026-08-30T05:23:09.445630
PRJNA298330_3978	rna_deepsomatic	/t9k/mnt/WorkSpace/data/ngs/liuxin/seq2neo/output_1/PRJNA298330_3978/vcf_realignment/variant_calling/deepsomatic/PRJNA298330_3978RT_realign_vs_PRJNA298330_3978DN/PRJNA298330_3978RT_realign_vs_PRJNA298330_3978DN.deepsomatic.vcf.gz	998867df96934e173cdd2d90337f098f	109326	2026-08-30T05:23:09.445630
PRJNA298330_3978	rna_mutect2	/t9k/mnt/WorkSpace/data/ngs/liuxin/seq2neo/output_1/PRJNA298330_3978/vcf_realignment/variant_calling/mutect2/PRJNA298330_3978RT_realign_vs_PRJNA298330_3978DN/PRJNA298330_3978RT_realign_vs_PRJNA298330_3978DN.mutect2.filtered.vcf.gz	b1e3fe544cbd38ce1f81352d9162c254	45966	2026-08-30T05:23:09.445630
PRJNA298330_3978	rna_strelka	/t9k/mnt/WorkSpace/data/ngs/liuxin/seq2neo/output_1/PRJNA298330_3978/vcf_realignment/variant_calling/strelka/PRJNA298330_3978RT_realign_vs_PRJNA298330_3978DN/PRJNA298330_3978RT_realign_vs_PRJNA298330_3978DN.strelka.variants.vcf.gz	7ae27336a4f9c068af15dd5ab11c6a01	289442	2026-08-30T05:23:09.445630
PRJNA298330_3995	dna_deepsomatic	/t9k/mnt/WorkSpace/data/ngs/xuzhenyu/work/seq2neo/output/PRJNA298330_3995/variant_calling/deepsomatic/PRJNA298330_3995DT_vs_PRJNA298330_3995DN/PRJNA298330_3995DT_vs_PRJNA298330_3995DN.deepsomatic.vcf.gz	b05492853ca028f038e9afca83a113ba	6248294	2026-08-30T11:18:40.695808
PRJNA298330_3995	dna_mutect2	/t9k/mnt/WorkSpace/data/ngs/xuzhenyu/work/seq2neo/output/PRJNA298330_3995/variant_calling/mutect2/PRJNA298330_3995DT_vs_PRJNA298330_3995DN/PRJNA298330_3995DT_vs_PRJNA298330_3995DN.mutect2.filtered.vcf.gz	e354d50d777843d4bff8519896c19d52	1308553	2026-08-30T11:18:40.695808
PRJNA298330_3995	dna_strelka	/t9k/mnt/WorkSpace/data/ngs/xuzhenyu/work/seq2neo/output/PRJNA298330_3995/variant_calling/strelka/PRJNA298330_3995DT_vs_PRJNA298330_3995DN/PRJNA298330_3995DT_vs_PRJNA298330_3995DN.strelka.variants.vcf.gz	230dce030436eccf8a4ca5549a9bb8ea	812772	2026-08-30T11:18:40.695808
PRJNA298330_3995	rna_deepsomatic	/t9k/mnt/WorkSpace/data/ngs/xuzhenyu/work/seq2neo/output/PRJNA298330_3995/vcf_realignment/variant_calling/deepsomatic/PRJNA298330_3995RT_realign_vs_PRJNA298330_3995DN/PRJNA298330_3995RT_realign_vs_PRJNA298330_3995DN.deepsomatic.vcf.gz	f169303ef3f2ca0ab1cfcf9da7c57877	74739	2026-08-30T11:18:40.695808
PRJNA298330_3995	rna_mutect2	/t9k/mnt/WorkSpace/data/ngs/xuzhenyu/work/seq2neo/output/PRJNA298330_3995/vcf_realignment/variant_calling/mutect2/PRJNA298330_3995RT_realign_vs_PRJNA298330_3995DN/PRJNA298330_3995RT_realign_vs_PRJNA298330_3995DN.mutect2.filtered.vcf.gz	88aa6f6756e440a2106d0b301f395838	39314	2026-08-30T11:18:40.695808
PRJNA298330_3995	rna_strelka	/t9k/mnt/WorkSpace/data/ngs/xuzhenyu/work/seq2neo/output/PRJNA298330_3995/vcf_realignment/variant_calling/strelka/PRJNA298330_3995RT_realign_vs_PRJNA298330_3995DN/PRJNA298330_3995RT_realign_vs_PRJNA298330_3995DN.strelka.variants.vcf.gz	a45cf265239e0b9d34459d901569ec26	255963	2026-08-30T11:18:40.695808
PRJNA298330_4007	dna_deepsomatic	/t9k/mnt/WorkSpace/data/ngs/xuzhenyu/work/seq2neo/output/PRJNA298330_4007/variant_calling/deepsomatic/PRJNA298330_4007DT_vs_PRJNA298330_4007DN/PRJNA298330_4007DT_vs_PRJNA298330_4007DN.deepsomatic.vcf.gz	1908b00147a7cb5e9fc5db07c98b39c2	6415581	2026-08-30T09:28:23.702798
PRJNA298330_4007	dna_mutect2	/t9k/mnt/WorkSpace/data/ngs/xuzhenyu/work/seq2neo/output/PRJNA298330_4007/variant_calling/mutect2/PRJNA298330_4007DT_vs_PRJNA298330_4007DN/PRJNA298330_4007DT_vs_PRJNA298330_4007DN.mutect2.filtered.vcf.gz	746b88345436ab3133b1836a0c1b0e55	1740595	2026-08-30T09:28:23.702798
PRJNA298330_4007	dna_strelka	/t9k/mnt/WorkSpace/data/ngs/xuzhenyu/work/seq2neo/output/PRJNA298330_4007/variant_calling/strelka/PRJNA298330_4007DT_vs_PRJNA298330_4007DN/PRJNA298330_4007DT_vs_PRJNA298330_4007DN.strelka.variants.vcf.gz	6a1658b4fc8bc6dba99be1f4cd22b816	697743	2026-08-30T09:28:23.702798
PRJNA298330_4007	rna_deepsomatic	/t9k/mnt/WorkSpace/data/ngs/xuzhenyu/work/seq2neo/output/PRJNA298330_4007/vcf_realignment/variant_calling/deepsomatic/PRJNA298330_4007RT_realign_vs_PRJNA298330_4007DN/PRJNA298330_4007RT_realign_vs_PRJNA298330_4007DN.deepsomatic.vcf.gz	aead1a42d8d26df4442634a35cead646	71344	2026-08-30T09:28:23.702798
PRJNA298330_4007	rna_mutect2	/t9k/mnt/WorkSpace/data/ngs/xuzhenyu/work/seq2neo/output/PRJNA298330_4007/vcf_realignment/variant_calling/mutect2/PRJNA298330_4007RT_realign_vs_PRJNA298330_4007DN/PRJNA298330_4007RT_realign_vs_PRJNA298330_4007DN.mutect2.filtered.vcf.gz	af5ee2ae0b2a654652b086e635e08020	45608	2026-08-30T09:28:23.702798
PRJNA298330_4007	rna_strelka	/t9k/mnt/WorkSpace/data/ngs/xuzhenyu/work/seq2neo/output/PRJNA298330_4007/vcf_realignment/variant_calling/strelka/PRJNA298330_4007RT_realign_vs_PRJNA298330_4007DN/PRJNA298330_4007RT_realign_vs_PRJNA298330_4007DN.strelka.variants.vcf.gz	bdc0482a5f9ae5d6f79d55d5ee3d8a38	152517	2026-08-30T09:28:23.702798
PRJNA298330_4032	dna_deepsomatic	/t9k/mnt/WorkSpace/data/ngs/xuzhenyu/work/seq2neo/output/PRJNA298330_4032/variant_calling/deepsomatic/PRJNA298330_4032DT_vs_PRJNA298330_4032DN/PRJNA298330_4032DT_vs_PRJNA298330_4032DN.deepsomatic.vcf.gz	6fcea2c98e9f71f1170cfcc92757b78c	6673229	2026-09-01T10:40:48.079828
PRJNA298330_4032	dna_mutect2	/t9k/mnt/WorkSpace/data/ngs/xuzhenyu/work/seq2neo/output/PRJNA298330_4032/variant_calling/mutect2/PRJNA298330_4032DT_vs_PRJNA298330_4032DN/PRJNA298330_4032DT_vs_PRJNA298330_4032DN.mutect2.filtered.vcf.gz	2ade33114ca72a7a1b4388d58311e5c1	1039653	2026-09-01T10:40:48.079828
PRJNA298330_4032	dna_strelka	/t9k/mnt/WorkSpace/data/ngs/xuzhenyu/work/seq2neo/output/PRJNA298330_4032/variant_calling/strelka/PRJNA298330_4032DT_vs_PRJNA298330_4032DN/PRJNA298330_4032DT_vs_PRJNA298330_4032DN.strelka.variants.vcf.gz	4602433743fcbaa878a342621a29ba9e	849682	2026-09-01T10:40:48.079828
PRJNA298330_4032	rna_deepsomatic	/t9k/mnt/WorkSpace/data/ngs/xuzhenyu/work/seq2neo/output/PRJNA298330_4032/vcf_realignment/variant_calling/deepsomatic/PRJNA298330_4032RT_realign_vs_PRJNA298330_4032DN/PRJNA298330_4032RT_realign_vs_PRJNA298330_4032DN.deepsomatic.vcf.gz	35d371349fef2d884505e756f9b5dd2b	5354639	2026-09-01T10:40:48.079828
PRJNA298330_4032	rna_mutect2	/t9k/mnt/WorkSpace/data/ngs/xuzhenyu/work/seq2neo/output/PRJNA298330_4032/vcf_realignment/variant_calling/mutect2/PRJNA298330_4032RT_realign_vs_PRJNA298330_4032DN/PRJNA298330_4032RT_realign_vs_PRJNA298330_4032DN.mutect2.filtered.vcf.gz	ebc1520f5fbe116b8f45b7238d537485	850716	2026-09-01T10:40:48.079828
PRJNA298330_4032	rna_strelka	/t9k/mnt/WorkSpace/data/ngs/xuzhenyu/work/seq2neo/output/PRJNA298330_4032/vcf_realignment/variant_calling/strelka/PRJNA298330_4032RT_realign_vs_PRJNA298330_4032DN/PRJNA298330_4032RT_realign_vs_PRJNA298330_4032DN.strelka.variants.vcf.gz	fa722242d7283aaf80d904a995dc6607	4961735	2026-09-01T10:40:48.079828
PRJNA298330_4096	dna_deepsomatic	/t9k/mnt/WorkSpace/data/ngs/liuxin/seq2neo/output_1/PRJNA298330_4096/variant_calling/deepsomatic/PRJNA298330_4096DT_vs_PRJNA298330_4096DN/PRJNA298330_4096DT_vs_PRJNA298330_4096DN.deepsomatic.vcf.gz	85bd0b0c181390af53febbf55b6d5eea	28690401	2026-08-30T06:11:21.028183
PRJNA298330_4096	dna_mutect2	/t9k/mnt/WorkSpace/data/ngs/liuxin/seq2neo/output_1/PRJNA298330_4096/variant_calling/mutect2/PRJNA298330_4096DT_vs_PRJNA298330_4096DN/PRJNA298330_4096DT_vs_PRJNA298330_4096DN.mutect2.filtered.vcf.gz	54bab5469329d0c2cd9983ff5b2309de	677290	2026-08-30T06:11:21.028183
PRJNA298330_4096	dna_strelka	/t9k/mnt/WorkSpace/data/ngs/liuxin/seq2neo/output_1/PRJNA298330_4096/variant_calling/strelka/PRJNA298330_4096DT_vs_PRJNA298330_4096DN/PRJNA298330_4096DT_vs_PRJNA298330_4096DN.strelka.variants.vcf.gz	10afd20932700e4be434f4c7995d5e1a	3802061	2026-08-30T06:11:21.028183
PRJNA298330_4096	rna_deepsomatic	/t9k/mnt/WorkSpace/data/ngs/liuxin/seq2neo/output_1/PRJNA298330_4096/vcf_realignment/variant_calling/deepsomatic/PRJNA298330_4096RT_realign_vs_PRJNA298330_4096DN/PRJNA298330_4096RT_realign_vs_PRJNA298330_4096DN.deepsomatic.vcf.gz	45a4a32b02fbf2cc5b5ec17a8a4a02f7	10391612	2026-08-30T06:11:21.028183
PRJNA298330_4096	rna_mutect2	/t9k/mnt/WorkSpace/data/ngs/liuxin/seq2neo/output_1/PRJNA298330_4096/vcf_realignment/variant_calling/mutect2/PRJNA298330_4096RT_realign_vs_PRJNA298330_4096DN/PRJNA298330_4096RT_realign_vs_PRJNA298330_4096DN.mutect2.filtered.vcf.gz	b4ddfacf2ec00952f7d3bd2aa4c1d730	389559	2026-08-30T06:11:21.028183
PRJNA298330_4096	rna_strelka	/t9k/mnt/WorkSpace/data/ngs/liuxin/seq2neo/output_1/PRJNA298330_4096/vcf_realignment/variant_calling/strelka/PRJNA298330_4096RT_realign_vs_PRJNA298330_4096DN/PRJNA298330_4096RT_realign_vs_PRJNA298330_4096DN.strelka.variants.vcf.gz	6b22430b4ce31e0068f3102ce96cd05e	8991685	2026-08-30T06:11:21.028183
PRJNA298376_3812	dna_deepsomatic	/t9k/mnt/WorkSpace/data/ngs/liuxin/seq2neo/output_1/PRJNA298376_3812/variant_calling/deepsomatic/PRJNA298376_3812DT_vs_PRJNA298376_3812DN/PRJNA298376_3812DT_vs_PRJNA298376_3812DN.deepsomatic.vcf.gz	e6c13fa227b82e44fb216415b5c2f987	1697878	2026-09-01T08:03:51.975064
PRJNA298376_3812	dna_mutect2	/t9k/mnt/WorkSpace/data/ngs/liuxin/seq2neo/output_1/PRJNA298376_3812/variant_calling/mutect2/PRJNA298376_3812DT_vs_PRJNA298376_3812DN/PRJNA298376_3812DT_vs_PRJNA298376_3812DN.mutect2.filtered.vcf.gz	fd48e0bd04c8a58588e4b63869d697b2	575729	2026-09-01T08:03:51.975064
PRJNA298376_3812	dna_strelka	/t9k/mnt/WorkSpace/data/ngs/liuxin/seq2neo/output_1/PRJNA298376_3812/variant_calling/strelka/PRJNA298376_3812DT_vs_PRJNA298376_3812DN/PRJNA298376_3812DT_vs_PRJNA298376_3812DN.strelka.variants.vcf.gz	fb1009008db751e0c54f3ffea86e2f54	1609312	2026-09-01T08:03:51.975064
PRJNA298376_3812	rna_deepsomatic	/t9k/mnt/WorkSpace/data/ngs/liuxin/seq2neo/output_1/PRJNA298376_3812/vcf_realignment/variant_calling/deepsomatic/PRJNA298376_3812RT_realign_vs_PRJNA298376_3812DN/PRJNA298376_3812RT_realign_vs_PRJNA298376_3812DN.deepsomatic.vcf.gz	17a39d248548321b2ac7d75585bf7e25	3200683	2026-09-01T08:03:51.975064
PRJNA298376_3812	rna_mutect2	/t9k/mnt/WorkSpace/data/ngs/liuxin/seq2neo/output_1/PRJNA298376_3812/vcf_realignment/variant_calling/mutect2/PRJNA298376_3812RT_realign_vs_PRJNA298376_3812DN/PRJNA298376_3812RT_realign_vs_PRJNA298376_3812DN.mutect2.filtered.vcf.gz	df2d3da7fbbe983b3d48540569c22742	933181	2026-09-01T08:03:51.975064
PRJNA298376_3812	rna_strelka	/t9k/mnt/WorkSpace/data/ngs/liuxin/seq2neo/output_1/PRJNA298376_3812/vcf_realignment/variant_calling/strelka/PRJNA298376_3812RT_realign_vs_PRJNA298376_3812DN/PRJNA298376_3812RT_realign_vs_PRJNA298376_3812DN.strelka.variants.vcf.gz	2a530e9c213e21812fd08ce141ec9e7a	2801899	2026-09-01T08:03:51.975064
PRJNA298376_3942	dna_deepsomatic	/t9k/mnt/WorkSpace/data/ngs/xuzhenyu/work/seq2neo/output/PRJNA298376_3942/variant_calling/deepsomatic/PRJNA298376_3942DT_vs_PRJNA298376_3942DN/PRJNA298376_3942DT_vs_PRJNA298376_3942DN.deepsomatic.vcf.gz	e926d024fc1d6837bdfdfb21f46fc6c0	8609316	2026-09-01T10:40:57.395814
PRJNA298376_3942	dna_mutect2	/t9k/mnt/WorkSpace/data/ngs/xuzhenyu/work/seq2neo/output/PRJNA298376_3942/variant_calling/mutect2/PRJNA298376_3942DT_vs_PRJNA298376_3942DN/PRJNA298376_3942DT_vs_PRJNA298376_3942DN.mutect2.filtered.vcf.gz	b8eaed6b879d16f3e165175a60837304	14957779	2026-09-01T10:40:57.395814
PRJNA298376_3942	dna_strelka	/t9k/mnt/WorkSpace/data/ngs/xuzhenyu/work/seq2neo/output/PRJNA298376_3942/variant_calling/strelka/PRJNA298376_3942DT_vs_PRJNA298376_3942DN/PRJNA298376_3942DT_vs_PRJNA298376_3942DN.strelka.variants.vcf.gz	89950456b60302af790d1c94e925985b	11621888	2026-09-01T10:40:57.395814
PRJNA298376_3942	rna_deepsomatic	/t9k/mnt/WorkSpace/data/ngs/xuzhenyu/work/seq2neo/output/PRJNA298376_3942/vcf_realignment/variant_calling/deepsomatic/PRJNA298376_3942RT_realign_vs_PRJNA298376_3942DN/PRJNA298376_3942RT_realign_vs_PRJNA298376_3942DN.deepsomatic.vcf.gz	1189375aea93f2d41fb3614d01f0231f	2073191	2026-09-01T10:40:57.395814
PRJNA298376_3942	rna_mutect2	/t9k/mnt/WorkSpace/data/ngs/xuzhenyu/work/seq2neo/output/PRJNA298376_3942/vcf_realignment/variant_calling/mutect2/PRJNA298376_3942RT_realign_vs_PRJNA298376_3942DN/PRJNA298376_3942RT_realign_vs_PRJNA298376_3942DN.mutect2.filtered.vcf.gz	b99a146b37e06f3a84dcd6aa7daa16b6	836250	2026-09-01T10:40:57.395814
PRJNA298376_3942	rna_strelka	/t9k/mnt/WorkSpace/data/ngs/xuzhenyu/work/seq2neo/output/PRJNA298376_3942/vcf_realignment/variant_calling/strelka/PRJNA298376_3942RT_realign_vs_PRJNA298376_3942DN/PRJNA298376_3942RT_realign_vs_PRJNA298376_3942DN.strelka.variants.vcf.gz	de16e687f21bbda94d308e41cb296805	2668032	2026-09-01T10:40:57.395814
PRJNA298376_3948	dna_deepsomatic	/t9k/mnt/WorkSpace/data/ngs/liuxin/seq2neo/output_1/PRJNA298376_3948/variant_calling/deepsomatic/PRJNA298376_3948DT_vs_PRJNA298376_3948DN/PRJNA298376_3948DT_vs_PRJNA298376_3948DN.deepsomatic.vcf.gz	ff56161f3db371c60bdb2fa7395510f2	5952002	2026-09-01T08:03:52.188787
PRJNA298376_3948	dna_mutect2	/t9k/mnt/WorkSpace/data/ngs/liuxin/seq2neo/output_1/PRJNA298376_3948/variant_calling/mutect2/PRJNA298376_3948DT_vs_PRJNA298376_3948DN/PRJNA298376_3948DT_vs_PRJNA298376_3948DN.mutect2.filtered.vcf.gz	54b5da1ecb18e7981103dc4f4f452104	5716875	2026-09-01T08:03:52.188787
PRJNA298376_3948	dna_strelka	/t9k/mnt/WorkSpace/data/ngs/liuxin/seq2neo/output_1/PRJNA298376_3948/variant_calling/strelka/PRJNA298376_3948DT_vs_PRJNA298376_3948DN/PRJNA298376_3948DT_vs_PRJNA298376_3948DN.strelka.variants.vcf.gz	f61585f6f581d6e13494e2c1a7693160	3983265	2026-09-01T08:03:52.188787
PRJNA298376_3948	rna_deepsomatic	/t9k/mnt/WorkSpace/data/ngs/liuxin/seq2neo/output_1/PRJNA298376_3948/vcf_realignment/variant_calling/deepsomatic/PRJNA298376_3948RT_realign_vs_PRJNA298376_3948DN/PRJNA298376_3948RT_realign_vs_PRJNA298376_3948DN.deepsomatic.vcf.gz	48ad8b4b23bd4c550aadee20ea4645f0	9849795	2026-09-01T08:03:52.188787
PRJNA298376_3948	rna_mutect2	/t9k/mnt/WorkSpace/data/ngs/liuxin/seq2neo/output_1/PRJNA298376_3948/vcf_realignment/variant_calling/mutect2/PRJNA298376_3948RT_realign_vs_PRJNA298376_3948DN/PRJNA298376_3948RT_realign_vs_PRJNA298376_3948DN.mutect2.filtered.vcf.gz	0af76ea751064b6674d67b3229711815	364996	2026-09-01T08:03:52.188787
PRJNA298376_3948	rna_strelka	/t9k/mnt/WorkSpace/data/ngs/liuxin/seq2neo/output_1/PRJNA298376_3948/vcf_realignment/variant_calling/strelka/PRJNA298376_3948RT_realign_vs_PRJNA298376_3948DN/PRJNA298376_3948RT_realign_vs_PRJNA298376_3948DN.strelka.variants.vcf.gz	1a2f3f4080f3edb847e4a81b7fd980db	2923188	2026-09-01T08:03:52.188787
PRJNA298376_3971	dna_deepsomatic	/t9k/mnt/WorkSpace/data/ngs/xuzhenyu/work/seq2neo/output/PRJNA298376_3971/variant_calling/deepsomatic/PRJNA298376_3971DT_vs_PRJNA298376_3971DN/PRJNA298376_3971DT_vs_PRJNA298376_3971DN.deepsomatic.vcf.gz	63686f928b059d111e6948632c04053a	16346211	2026-09-01T10:22:44.693307
PRJNA298376_3971	dna_mutect2	/t9k/mnt/WorkSpace/data/ngs/xuzhenyu/work/seq2neo/output/PRJNA298376_3971/variant_calling/mutect2/PRJNA298376_3971DT_vs_PRJNA298376_3971DN/PRJNA298376_3971DT_vs_PRJNA298376_3971DN.mutect2.filtered.vcf.gz	8fe63ba9ab01b95b682f2f94c294dbcc	1900848	2026-09-01T10:22:44.693307
PRJNA298376_3971	dna_strelka	/t9k/mnt/WorkSpace/data/ngs/xuzhenyu/work/seq2neo/output/PRJNA298376_3971/variant_calling/strelka/PRJNA298376_3971DT_vs_PRJNA298376_3971DN/PRJNA298376_3971DT_vs_PRJNA298376_3971DN.strelka.variants.vcf.gz	c82a03fc4d2bd5edfa43b2849dc4143b	7560563	2026-09-01T10:22:44.693307
PRJNA298376_3971	rna_deepsomatic	/t9k/mnt/WorkSpace/data/ngs/xuzhenyu/work/seq2neo/output/PRJNA298376_3971/vcf_realignment/variant_calling/deepsomatic/PRJNA298376_3971RT_realign_vs_PRJNA298376_3971DN/PRJNA298376_3971RT_realign_vs_PRJNA298376_3971DN.deepsomatic.vcf.gz	f7747c3a60d1770cd3540fe23b9d6fa9	1783992	2026-09-01T10:22:44.693307
PRJNA298376_3971	rna_mutect2	/t9k/mnt/WorkSpace/data/ngs/xuzhenyu/work/seq2neo/output/PRJNA298376_3971/vcf_realignment/variant_calling/mutect2/PRJNA298376_3971RT_realign_vs_PRJNA298376_3971DN/PRJNA298376_3971RT_realign_vs_PRJNA298376_3971DN.mutect2.filtered.vcf.gz	ee556b69fa0c388af45803df98c020af	1645471	2026-09-01T10:22:44.693307
PRJNA298376_3971	rna_strelka	/t9k/mnt/WorkSpace/data/ngs/xuzhenyu/work/seq2neo/output/PRJNA298376_3971/vcf_realignment/variant_calling/strelka/PRJNA298376_3971RT_realign_vs_PRJNA298376_3971DN/PRJNA298376_3971RT_realign_vs_PRJNA298376_3971DN.strelka.variants.vcf.gz	0660e72b456f81ba6103ad89087c56be	5581879	2026-09-01T10:22:44.693307
PRJNA298376_3978	dna_deepsomatic	/t9k/mnt/WorkSpace/data/ngs/liuxin/seq2neo/output_1/PRJNA298376_3978/variant_calling/deepsomatic/PRJNA298376_3978DT_vs_PRJNA298376_3978DN/PRJNA298376_3978DT_vs_PRJNA298376_3978DN.deepsomatic.vcf.gz	07ca44dcfb0244052b5f5bc43bcee7b1	1662181	2026-09-01T08:03:51.647180
PRJNA298376_3978	dna_mutect2	/t9k/mnt/WorkSpace/data/ngs/liuxin/seq2neo/output_1/PRJNA298376_3978/variant_calling/mutect2/PRJNA298376_3978DT_vs_PRJNA298376_3978DN/PRJNA298376_3978DT_vs_PRJNA298376_3978DN.mutect2.filtered.vcf.gz	e3d732cd1e7dcf9cffb0fa21fde3d17d	501275	2026-09-01T08:03:51.647180
PRJNA298376_3978	dna_strelka	/t9k/mnt/WorkSpace/data/ngs/liuxin/seq2neo/output_1/PRJNA298376_3978/variant_calling/strelka/PRJNA298376_3978DT_vs_PRJNA298376_3978DN/PRJNA298376_3978DT_vs_PRJNA298376_3978DN.strelka.variants.vcf.gz	20e5b822db5383bdd425a33fd5547381	1006622	2026-09-01T08:03:51.647180
PRJNA298376_3978	rna_deepsomatic	/t9k/mnt/WorkSpace/data/ngs/liuxin/seq2neo/output_1/PRJNA298376_3978/vcf_realignment/variant_calling/deepsomatic/PRJNA298376_3978RT_realign_vs_PRJNA298376_3978DN/PRJNA298376_3978RT_realign_vs_PRJNA298376_3978DN.deepsomatic.vcf.gz	bc386683eabd90f90f716e02613d6a4d	3342966	2026-09-01T08:03:51.647180
PRJNA298376_3978	rna_mutect2	/t9k/mnt/WorkSpace/data/ngs/liuxin/seq2neo/output_1/PRJNA298376_3978/vcf_realignment/variant_calling/mutect2/PRJNA298376_3978RT_realign_vs_PRJNA298376_3978DN/PRJNA298376_3978RT_realign_vs_PRJNA298376_3978DN.mutect2.filtered.vcf.gz	4145c337dcd22727143676b1d1d80d8d	864781	2026-09-01T08:03:51.647180
PRJNA298376_3978	rna_strelka	/t9k/mnt/WorkSpace/data/ngs/liuxin/seq2neo/output_1/PRJNA298376_3978/vcf_realignment/variant_calling/strelka/PRJNA298376_3978RT_realign_vs_PRJNA298376_3978DN/PRJNA298376_3978RT_realign_vs_PRJNA298376_3978DN.strelka.variants.vcf.gz	94e93fbef3a256b023622588e76404b2	2636900	2026-09-01T08:03:51.647180
PRJNA298376_3995	dna_deepsomatic	/t9k/mnt/WorkSpace/data/ngs/xuzhenyu/work/seq2neo/output/PRJNA298376_3995/variant_calling/deepsomatic/PRJNA298376_3995DT_vs_PRJNA298376_3995DN/PRJNA298376_3995DT_vs_PRJNA298376_3995DN.deepsomatic.vcf.gz	e9a73d0f1599f614f4d47275b987c10a	1515085	2026-09-01T10:43:07.130166
PRJNA298376_3995	dna_mutect2	/t9k/mnt/WorkSpace/data/ngs/xuzhenyu/work/seq2neo/output/PRJNA298376_3995/variant_calling/mutect2/PRJNA298376_3995DT_vs_PRJNA298376_3995DN/PRJNA298376_3995DT_vs_PRJNA298376_3995DN.mutect2.filtered.vcf.gz	1d9503c228bd1158ad88971ec77391e3	470444	2026-09-01T10:43:07.130166
PRJNA298376_3995	dna_strelka	/t9k/mnt/WorkSpace/data/ngs/xuzhenyu/work/seq2neo/output/PRJNA298376_3995/variant_calling/strelka/PRJNA298376_3995DT_vs_PRJNA298376_3995DN/PRJNA298376_3995DT_vs_PRJNA298376_3995DN.strelka.variants.vcf.gz	59e6303e21ebed5861cbf67a77d37a2c	1346353	2026-09-01T10:43:07.130166
PRJNA298376_3995	rna_deepsomatic	/t9k/mnt/WorkSpace/data/ngs/xuzhenyu/work/seq2neo/output/PRJNA298376_3995/vcf_realignment/variant_calling/deepsomatic/PRJNA298376_3995RT_realign_vs_PRJNA298376_3995DN/PRJNA298376_3995RT_realign_vs_PRJNA298376_3995DN.deepsomatic.vcf.gz	9a9d1d31dabb10e75c482a746c712a63	3015140	2026-09-01T10:43:07.130166
PRJNA298376_3995	rna_mutect2	/t9k/mnt/WorkSpace/data/ngs/xuzhenyu/work/seq2neo/output/PRJNA298376_3995/vcf_realignment/variant_calling/mutect2/PRJNA298376_3995RT_realign_vs_PRJNA298376_3995DN/PRJNA298376_3995RT_realign_vs_PRJNA298376_3995DN.mutect2.filtered.vcf.gz	02a93a9bd89db2c9d5dbe10e799017eb	901147	2026-09-01T10:43:07.130166
PRJNA298376_3995	rna_strelka	/t9k/mnt/WorkSpace/data/ngs/xuzhenyu/work/seq2neo/output/PRJNA298376_3995/vcf_realignment/variant_calling/strelka/PRJNA298376_3995RT_realign_vs_PRJNA298376_3995DN/PRJNA298376_3995RT_realign_vs_PRJNA298376_3995DN.strelka.variants.vcf.gz	cce0709f2e99669a40f69ef0466e75ea	5636444	2026-09-01T10:43:07.130166
PRJNA298376_4007	dna_deepsomatic	/t9k/mnt/WorkSpace/data/ngs/xuzhenyu/work/seq2neo/output/PRJNA298376_4007/variant_calling/deepsomatic/PRJNA298376_4007DT_vs_PRJNA298376_4007DN/PRJNA298376_4007DT_vs_PRJNA298376_4007DN.deepsomatic.vcf.gz	3a0c919f6ee2530c1e425698018362d4	6225221	2026-08-31T22:16:13.057674
PRJNA298376_4007	dna_mutect2	/t9k/mnt/WorkSpace/data/ngs/xuzhenyu/work/seq2neo/output/PRJNA298376_4007/variant_calling/mutect2/PRJNA298376_4007DT_vs_PRJNA298376_4007DN/PRJNA298376_4007DT_vs_PRJNA298376_4007DN.mutect2.filtered.vcf.gz	5b74f4036a4a261698d31febdedb6a64	4881725	2026-08-31T22:16:13.057674
PRJNA298376_4007	dna_strelka	/t9k/mnt/WorkSpace/data/ngs/xuzhenyu/work/seq2neo/output/PRJNA298376_4007/variant_calling/strelka/PRJNA298376_4007DT_vs_PRJNA298376_4007DN/PRJNA298376_4007DT_vs_PRJNA298376_4007DN.strelka.variants.vcf.gz	d72d60b00978ec97a36b1100b7d50043	3276803	2026-08-31T22:16:13.057674
PRJNA298376_4007	rna_deepsomatic	/t9k/mnt/WorkSpace/data/ngs/xuzhenyu/work/seq2neo/output/PRJNA298376_4007/vcf_realignment/variant_calling/deepsomatic/PRJNA298376_4007RT_realign_vs_PRJNA298376_4007DN/PRJNA298376_4007RT_realign_vs_PRJNA298376_4007DN.deepsomatic.vcf.gz	e9646b986c480b45c813e390b6a83b7c	2204100	2026-08-31T22:16:13.057674
PRJNA298376_4007	rna_mutect2	/t9k/mnt/WorkSpace/data/ngs/xuzhenyu/work/seq2neo/output/PRJNA298376_4007/vcf_realignment/variant_calling/mutect2/PRJNA298376_4007RT_realign_vs_PRJNA298376_4007DN/PRJNA298376_4007RT_realign_vs_PRJNA298376_4007DN.mutect2.filtered.vcf.gz	16303af66dd05f37040922c8c2ecb96f	707013	2026-08-31T22:16:13.057674
PRJNA298376_4007	rna_strelka	/t9k/mnt/WorkSpace/data/ngs/xuzhenyu/work/seq2neo/output/PRJNA298376_4007/vcf_realignment/variant_calling/strelka/PRJNA298376_4007RT_realign_vs_PRJNA298376_4007DN/PRJNA298376_4007RT_realign_vs_PRJNA298376_4007DN.strelka.variants.vcf.gz	a2b1eced5368ca86dce6278d94a4a5ba	3679798	2026-08-31T22:16:13.057674
PRJNA298376_4060	dna_deepsomatic	/t9k/mnt/WorkSpace/data/ngs/zhanlingmin/Rnadnavar/output/4060_rnadnavar/variant_calling/deepsomatic/4060DT_vs_4060DN/4060DT_vs_4060DN.deepsomatic.vcf.gz	66e8bf9fe21c7644eb6cf4d89224594d	13111470	2026-08-31T23:11:42.559582
PRJNA298376_4060	dna_mutect2	/t9k/mnt/WorkSpace/data/ngs/zhanlingmin/Rnadnavar/output/4060_rnadnavar/variant_calling/mutect2/4060DT_vs_4060DN/4060DT_vs_4060DN.mutect2.filtered.vcf.gz	6598ee798f7394dc810a14f64dd24217	251193	2026-08-31T23:11:42.559582
PRJNA298376_4060	dna_strelka	/t9k/mnt/WorkSpace/data/ngs/zhanlingmin/Rnadnavar/output/4060_rnadnavar/variant_calling/strelka/4060DT_vs_4060DN/4060DT_vs_4060DN.strelka.variants.vcf.gz	01759be408a19a9c2d2f674c60751b4d	3003462	2026-08-31T23:11:42.559582
PRJNA298376_4060	rna_deepsomatic	/t9k/mnt/WorkSpace/data/ngs/zhanlingmin/Rnadnavar/output/4060_rnadnavar/vcf_realignment/variant_calling/deepsomatic/4060RT_realign_vs_4060DN/4060RT_realign_vs_4060DN.deepsomatic.vcf.gz	99e3be6f1c72af35c4680f4057d4e301	6809307	2026-08-31T23:11:42.559582
PRJNA298376_4060	rna_mutect2	/t9k/mnt/WorkSpace/data/ngs/zhanlingmin/Rnadnavar/output/4060_rnadnavar/vcf_realignment/variant_calling/mutect2/4060RT_realign_vs_4060DN/4060RT_realign_vs_4060DN.mutect2.filtered.vcf.gz	4940ee5a425a00ca04c5313efbf37401	282371	2026-08-31T23:11:42.559582
PRJNA298376_4060	rna_strelka	/t9k/mnt/WorkSpace/data/ngs/zhanlingmin/Rnadnavar/output/4060_rnadnavar/vcf_realignment/variant_calling/strelka/4060RT_realign_vs_4060DN/4060RT_realign_vs_4060DN.strelka.variants.vcf.gz	84f690816f8b0048c8a49a9bc3058fd5	7189593	2026-08-31T23:11:42.559582
PRJNA298376_4069	dna_deepsomatic	/t9k/mnt/WorkSpace/data/ngs/liuxin/seq2neo/output_1/PRJNA298376_4069/variant_calling/deepsomatic/PRJNA298376_4069DT_vs_PRJNA298376_4069DN/PRJNA298376_4069DT_vs_PRJNA298376_4069DN.deepsomatic.vcf.gz	cca9af8e61d267c54f9c27998fac30e0	29267043	2026-08-30T20:56:28.514660
PRJNA298376_4069	dna_mutect2	/t9k/mnt/WorkSpace/data/ngs/liuxin/seq2neo/output_1/PRJNA298376_4069/variant_calling/mutect2/PRJNA298376_4069DT_vs_PRJNA298376_4069DN/PRJNA298376_4069DT_vs_PRJNA298376_4069DN.mutect2.filtered.vcf.gz	f05ce871c72fc1029c01571c68884758	636084	2026-08-30T20:56:28.514660
PRJNA298376_4069	dna_strelka	/t9k/mnt/WorkSpace/data/ngs/liuxin/seq2neo/output_1/PRJNA298376_4069/variant_calling/strelka/PRJNA298376_4069DT_vs_PRJNA298376_4069DN/PRJNA298376_4069DT_vs_PRJNA298376_4069DN.strelka.variants.vcf.gz	f0d03d766508ddc4d62df2379dbddef0	2555395	2026-08-30T20:56:28.514660
PRJNA298376_4069	rna_deepsomatic	/t9k/mnt/WorkSpace/data/ngs/liuxin/seq2neo/output_1/PRJNA298376_4069/vcf_realignment/variant_calling/deepsomatic/PRJNA298376_4069RT_realign_vs_PRJNA298376_4069DN/PRJNA298376_4069RT_realign_vs_PRJNA298376_4069DN.deepsomatic.vcf.gz	dc783393e470350c4b8bcb3f655e10e3	10440866	2026-08-30T20:56:28.514660
PRJNA298376_4069	rna_mutect2	/t9k/mnt/WorkSpace/data/ngs/liuxin/seq2neo/output_1/PRJNA298376_4069/vcf_realignment/variant_calling/mutect2/PRJNA298376_4069RT_realign_vs_PRJNA298376_4069DN/PRJNA298376_4069RT_realign_vs_PRJNA298376_4069DN.mutect2.filtered.vcf.gz	e180d37657ff7fd0b52986938b7df718	278163	2026-08-30T20:56:28.514660
PRJNA298376_4069	rna_strelka	/t9k/mnt/WorkSpace/data/ngs/liuxin/seq2neo/output_1/PRJNA298376_4069/vcf_realignment/variant_calling/strelka/PRJNA298376_4069RT_realign_vs_PRJNA298376_4069DN/PRJNA298376_4069RT_realign_vs_PRJNA298376_4069DN.strelka.variants.vcf.gz	57a032fb9221fee3b1389907dbb81d2d	22982723	2026-08-30T20:56:28.514660
PRJNA298376_4071	dna_deepsomatic	/t9k/mnt/WorkSpace/data/ngs/xuzhenyu/work/seq2neo/output/PRJNA298376_4071/variant_calling/deepsomatic/PRJNA298376_4071DT_vs_PRJNA298376_4071DN/PRJNA298376_4071DT_vs_PRJNA298376_4071DN.deepsomatic.vcf.gz	70516e6920eae82a8504284d7e2ace2c	98854220	2026-08-31T14:39:08.763458
PRJNA298376_4071	dna_mutect2	/t9k/mnt/WorkSpace/data/ngs/xuzhenyu/work/seq2neo/output/PRJNA298376_4071/variant_calling/mutect2/PRJNA298376_4071DT_vs_PRJNA298376_4071DN/PRJNA298376_4071DT_vs_PRJNA298376_4071DN.mutect2.filtered.vcf.gz	f3d5f22ccf7532753cb68edac98a0d22	5710012	2026-08-31T14:39:08.763458
PRJNA298376_4071	dna_strelka	/t9k/mnt/WorkSpace/data/ngs/xuzhenyu/work/seq2neo/output/PRJNA298376_4071/variant_calling/strelka/PRJNA298376_4071DT_vs_PRJNA298376_4071DN/PRJNA298376_4071DT_vs_PRJNA298376_4071DN.strelka.variants.vcf.gz	e0edade8d4dce4e10c5b49ca09013a24	28579602	2026-08-31T14:39:08.763458
PRJNA298376_4071	rna_deepsomatic	/t9k/mnt/WorkSpace/data/ngs/xuzhenyu/work/seq2neo/output/PRJNA298376_4071/vcf_realignment/variant_calling/deepsomatic/PRJNA298376_4071RT_realign_vs_PRJNA298376_4071DN/PRJNA298376_4071RT_realign_vs_PRJNA298376_4071DN.deepsomatic.vcf.gz	b239f47ad6bc58b4f4dbf254eb977cb5	6137485	2026-08-31T14:39:08.763458
PRJNA298376_4071	rna_mutect2	/t9k/mnt/WorkSpace/data/ngs/xuzhenyu/work/seq2neo/output/PRJNA298376_4071/vcf_realignment/variant_calling/mutect2/PRJNA298376_4071RT_realign_vs_PRJNA298376_4071DN/PRJNA298376_4071RT_realign_vs_PRJNA298376_4071DN.mutect2.filtered.vcf.gz	fa68fd4d36fad62ac7f9c4479ce01afb	273284	2026-08-31T14:39:08.763458
PRJNA298376_4071	rna_strelka	/t9k/mnt/WorkSpace/data/ngs/xuzhenyu/work/seq2neo/output/PRJNA298376_4071/vcf_realignment/variant_calling/strelka/PRJNA298376_4071RT_realign_vs_PRJNA298376_4071DN/PRJNA298376_4071RT_realign_vs_PRJNA298376_4071DN.strelka.variants.vcf.gz	3224437389720fd2783353a367bfc39f	6330038	2026-08-31T14:39:08.763458
PRJNA298376_4072	dna_deepsomatic	/t9k/mnt/WorkSpace/data/ngs/zhanlingmin/Rnadnavar/output/4072_rnadnavar/variant_calling/deepsomatic/4072DT_vs_4072DN/4072DT_vs_4072DN.deepsomatic.vcf.gz	8732c90cf6ee82478d8d833b5f78966d	37286041	2026-08-30T16:40:26.622272
PRJNA298376_4072	dna_mutect2	/t9k/mnt/WorkSpace/data/ngs/zhanlingmin/Rnadnavar/output/4072_rnadnavar/variant_calling/mutect2/4072DT_vs_4072DN/4072DT_vs_4072DN.mutect2.filtered.vcf.gz	a4bba96c7e0a897c6255d850ca75b2e1	405389	2026-08-30T16:40:26.622272
PRJNA298376_4072	dna_strelka	/t9k/mnt/WorkSpace/data/ngs/zhanlingmin/Rnadnavar/output/4072_rnadnavar/variant_calling/strelka/4072DT_vs_4072DN/4072DT_vs_4072DN.strelka.variants.vcf.gz	07307a43deb7c1f74c45dff253313d13	3543327	2026-08-30T16:40:26.622272
PRJNA298376_4072	rna_deepsomatic	/t9k/mnt/WorkSpace/data/ngs/zhanlingmin/Rnadnavar/output/4072_rnadnavar/vcf_realignment/variant_calling/deepsomatic/4072RT_realign_vs_4072DN/4072RT_realign_vs_4072DN.deepsomatic.vcf.gz	1c256bc708ce1ad20cffd203778b7b89	7127340	2026-08-30T16:40:26.622272
PRJNA298376_4072	rna_mutect2	/t9k/mnt/WorkSpace/data/ngs/zhanlingmin/Rnadnavar/output/4072_rnadnavar/vcf_realignment/variant_calling/mutect2/4072RT_realign_vs_4072DN/4072RT_realign_vs_4072DN.mutect2.filtered.vcf.gz	8e4a0fdad9e212b5041849ec59551724	213156	2026-08-30T16:40:26.622272
PRJNA298376_4072	rna_strelka	/t9k/mnt/WorkSpace/data/ngs/zhanlingmin/Rnadnavar/output/4072_rnadnavar/vcf_realignment/variant_calling/strelka/4072RT_realign_vs_4072DN/4072RT_realign_vs_4072DN.strelka.variants.vcf.gz	c1f63277c1d943bc49212ea0af9abe59	34537351	2026-08-30T16:40:26.622272
PRJNA298376_4077	dna_deepsomatic	/t9k/mnt/WorkSpace/data/ngs/liuxin/seq2neo/output_1/PRJNA298376_4077/variant_calling/deepsomatic/PRJNA298376_4077DT_vs_PRJNA298376_4077DN/PRJNA298376_4077DT_vs_PRJNA298376_4077DN.deepsomatic.vcf.gz	d6f52ee0fbdcd8527767af47da8c7b52	132041825	2026-09-01T00:27:11.093517
PRJNA298376_4077	dna_mutect2	/t9k/mnt/WorkSpace/data/ngs/liuxin/seq2neo/output_1/PRJNA298376_4077/variant_calling/mutect2/PRJNA298376_4077DT_vs_PRJNA298376_4077DN/PRJNA298376_4077DT_vs_PRJNA298376_4077DN.mutect2.filtered.vcf.gz	64435be4e2834593e98a2eb4a625e64b	4610363	2026-09-01T00:27:11.093517
PRJNA298376_4077	dna_strelka	/t9k/mnt/WorkSpace/data/ngs/liuxin/seq2neo/output_1/PRJNA298376_4077/variant_calling/strelka/PRJNA298376_4077DT_vs_PRJNA298376_4077DN/PRJNA298376_4077DT_vs_PRJNA298376_4077DN.strelka.variants.vcf.gz	2a7a92b21adeeba206a2175393b3c3ab	39871959	2026-09-01T00:27:11.093517
PRJNA298376_4077	rna_deepsomatic	/t9k/mnt/WorkSpace/data/ngs/liuxin/seq2neo/output_1/PRJNA298376_4077/vcf_realignment/variant_calling/deepsomatic/PRJNA298376_4077RT_realign_vs_PRJNA298376_4077DN/PRJNA298376_4077RT_realign_vs_PRJNA298376_4077DN.deepsomatic.vcf.gz	dfeeb82ed549dd02e2e305089c8922be	10065084	2026-09-01T00:27:11.093517
PRJNA298376_4077	rna_mutect2	/t9k/mnt/WorkSpace/data/ngs/liuxin/seq2neo/output_1/PRJNA298376_4077/vcf_realignment/variant_calling/mutect2/PRJNA298376_4077RT_realign_vs_PRJNA298376_4077DN/PRJNA298376_4077RT_realign_vs_PRJNA298376_4077DN.mutect2.filtered.vcf.gz	80a089b7b035d8753a025e55d797c5cd	93587	2026-09-01T00:27:11.093517
PRJNA298376_4077	rna_strelka	/t9k/mnt/WorkSpace/data/ngs/liuxin/seq2neo/output_1/PRJNA298376_4077/vcf_realignment/variant_calling/strelka/PRJNA298376_4077RT_realign_vs_PRJNA298376_4077DN/PRJNA298376_4077RT_realign_vs_PRJNA298376_4077DN.strelka.variants.vcf.gz	331653eb3482853a1561a5a6f3412955	9425770	2026-09-01T00:27:11.093517
PRJNA298376_4081	dna_deepsomatic	/t9k/mnt/WorkSpace/data/ngs/zhanlingmin/Rnadnavar/output/4081_rnadnavar/variant_calling/deepsomatic/4081DT_vs_4081DN/4081DT_vs_4081DN.deepsomatic.vcf.gz	cc9187eaf880f73d993997f6010ac7a4	68868822	2026-08-31T05:42:52.990411
PRJNA298376_4081	dna_mutect2	/t9k/mnt/WorkSpace/data/ngs/zhanlingmin/Rnadnavar/output/4081_rnadnavar/variant_calling/mutect2/4081DT_vs_4081DN/4081DT_vs_4081DN.mutect2.filtered.vcf.gz	64b3eeb6ece5ce21ef131cd17dd87246	2844683	2026-08-31T05:42:52.990411
PRJNA298376_4081	dna_strelka	/t9k/mnt/WorkSpace/data/ngs/zhanlingmin/Rnadnavar/output/4081_rnadnavar/variant_calling/strelka/4081DT_vs_4081DN/4081DT_vs_4081DN.strelka.variants.vcf.gz	22545af982f56026bbe3b09d1f732253	10515500	2026-08-31T05:42:52.990411
PRJNA298376_4081	rna_deepsomatic	/t9k/mnt/WorkSpace/data/ngs/zhanlingmin/Rnadnavar/output/4081_rnadnavar/vcf_realignment/variant_calling/deepsomatic/4081RT_realign_vs_4081DN/4081RT_realign_vs_4081DN.deepsomatic.vcf.gz	b651e0d004631c008f22c08aa7269487	6937187	2026-08-31T05:42:52.990411
PRJNA298376_4081	rna_mutect2	/t9k/mnt/WorkSpace/data/ngs/zhanlingmin/Rnadnavar/output/4081_rnadnavar/vcf_realignment/variant_calling/mutect2/4081RT_realign_vs_4081DN/4081RT_realign_vs_4081DN.mutect2.filtered.vcf.gz	bb851892fe7c5a906137d14abd89826d	78948	2026-08-31T05:42:52.990411
PRJNA298376_4081	rna_strelka	/t9k/mnt/WorkSpace/data/ngs/zhanlingmin/Rnadnavar/output/4081_rnadnavar/vcf_realignment/variant_calling/strelka/4081RT_realign_vs_4081DN/4081RT_realign_vs_4081DN.strelka.variants.vcf.gz	6bae48010994ccd1e2e2caff490f2e07	18734240	2026-08-31T05:42:52.990411
PRJNA298376_4090	dna_deepsomatic	/t9k/mnt/WorkSpace/data/ngs/xuzhenyu/work/seq2neo/output/PRJNA298376_4090/variant_calling/deepsomatic/PRJNA298376_4090DT_vs_PRJNA298376_4090DN/PRJNA298376_4090DT_vs_PRJNA298376_4090DN.deepsomatic.vcf.gz	2d1538cf2a3f318a9ca17aec4acea70f	26408261	2026-08-30T18:08:43.495088
PRJNA298376_4090	dna_mutect2	/t9k/mnt/WorkSpace/data/ngs/xuzhenyu/work/seq2neo/output/PRJNA298376_4090/variant_calling/mutect2/PRJNA298376_4090DT_vs_PRJNA298376_4090DN/PRJNA298376_4090DT_vs_PRJNA298376_4090DN.mutect2.filtered.vcf.gz	ec6d023aa066b810b4ef879096b53f70	856076	2026-08-30T18:08:43.495088
PRJNA298376_4090	dna_strelka	/t9k/mnt/WorkSpace/data/ngs/xuzhenyu/work/seq2neo/output/PRJNA298376_4090/variant_calling/strelka/PRJNA298376_4090DT_vs_PRJNA298376_4090DN/PRJNA298376_4090DT_vs_PRJNA298376_4090DN.strelka.variants.vcf.gz	38f8dec8ac1f805b34df076d8bda86e4	2630235	2026-08-30T18:08:43.495088
PRJNA298376_4090	rna_deepsomatic	/t9k/mnt/WorkSpace/data/ngs/xuzhenyu/work/seq2neo/output/PRJNA298376_4090/vcf_realignment/variant_calling/deepsomatic/PRJNA298376_4090RT_realign_vs_PRJNA298376_4090DN/PRJNA298376_4090RT_realign_vs_PRJNA298376_4090DN.deepsomatic.vcf.gz	cc34c60fc5fe0a7d5aef49c6be37a0cf	580359	2026-08-30T18:08:43.495088
PRJNA298376_4090	rna_mutect2	/t9k/mnt/WorkSpace/data/ngs/xuzhenyu/work/seq2neo/output/PRJNA298376_4090/vcf_realignment/variant_calling/mutect2/PRJNA298376_4090RT_realign_vs_PRJNA298376_4090DN/PRJNA298376_4090RT_realign_vs_PRJNA298376_4090DN.mutect2.filtered.vcf.gz	856acfc2668317b98fabf2f5c76ad45e	123460	2026-08-30T18:08:43.495088
PRJNA298376_4090	rna_strelka	/t9k/mnt/WorkSpace/data/ngs/xuzhenyu/work/seq2neo/output/PRJNA298376_4090/vcf_realignment/variant_calling/strelka/PRJNA298376_4090RT_realign_vs_PRJNA298376_4090DN/PRJNA298376_4090RT_realign_vs_PRJNA298376_4090DN.strelka.variants.vcf.gz	cbc98a1bb820c74541577ee0b1b30ae6	27559832	2026-08-30T18:08:43.495088
PRJNA298376_4095	dna_deepsomatic	/t9k/mnt/WorkSpace/data/ngs/zhanlingmin/Rnadnavar/output/4095_rnadnavar/variant_calling/deepsomatic/4095DT_vs_4095DN/4095DT_vs_4095DN.deepsomatic.vcf.gz	58fa49bfcef16fff64d79ebc56bffb4d	64484245	2026-08-30T22:34:49.536608
PRJNA298376_4095	dna_mutect2	/t9k/mnt/WorkSpace/data/ngs/zhanlingmin/Rnadnavar/output/4095_rnadnavar/variant_calling/mutect2/4095DT_vs_4095DN/4095DT_vs_4095DN.mutect2.filtered.vcf.gz	48cd40cbca13d0aed4d8c0ffd75a045e	14164254	2026-08-30T22:34:49.536608
PRJNA298376_4095	dna_strelka	/t9k/mnt/WorkSpace/data/ngs/zhanlingmin/Rnadnavar/output/4095_rnadnavar/variant_calling/strelka/4095DT_vs_4095DN/4095DT_vs_4095DN.strelka.variants.vcf.gz	eeea3c198cc2e9cbd8bbb5f00802ed3d	24855947	2026-08-30T22:34:49.536608
PRJNA298376_4095	rna_deepsomatic	/t9k/mnt/WorkSpace/data/ngs/zhanlingmin/Rnadnavar/output/4095_rnadnavar/vcf_realignment/variant_calling/deepsomatic/4095RT_realign_vs_4095DN/4095RT_realign_vs_4095DN.deepsomatic.vcf.gz	44a2df253278dd62662a3863641275be	5234019	2026-08-30T22:34:49.536608
PRJNA298376_4095	rna_mutect2	/t9k/mnt/WorkSpace/data/ngs/zhanlingmin/Rnadnavar/output/4095_rnadnavar/vcf_realignment/variant_calling/mutect2/4095RT_realign_vs_4095DN/4095RT_realign_vs_4095DN.mutect2.filtered.vcf.gz	ada3b343ff1ebc53b2da3abfb8bb01f8	434156	2026-08-30T22:34:49.536608
PRJNA298376_4095	rna_strelka	/t9k/mnt/WorkSpace/data/ngs/zhanlingmin/Rnadnavar/output/4095_rnadnavar/vcf_realignment/variant_calling/strelka/4095RT_realign_vs_4095DN/4095RT_realign_vs_4095DN.strelka.variants.vcf.gz	71e32433208b88f7817613fb1f6a8f13	8758388	2026-08-30T22:34:49.536608
PRJNA298376_4110	dna_deepsomatic	/t9k/mnt/WorkSpace/data/ngs/liuxin/seq2neo/output_1/PRJNA298376_4110/variant_calling/deepsomatic/PRJNA298376_4110DT_vs_PRJNA298376_4110DN/PRJNA298376_4110DT_vs_PRJNA298376_4110DN.deepsomatic.vcf.gz	a1ce06a41876fc1b5804997000a50f12	44681474	2026-08-31T08:11:52.366819
PRJNA298376_4110	dna_mutect2	/t9k/mnt/WorkSpace/data/ngs/liuxin/seq2neo/output_1/PRJNA298376_4110/variant_calling/mutect2/PRJNA298376_4110DT_vs_PRJNA298376_4110DN/PRJNA298376_4110DT_vs_PRJNA298376_4110DN.mutect2.filtered.vcf.gz	9d383c67fbad3c9208bf5f3d24f05403	4234205	2026-08-31T08:11:52.366819
PRJNA298376_4110	dna_strelka	/t9k/mnt/WorkSpace/data/ngs/liuxin/seq2neo/output_1/PRJNA298376_4110/variant_calling/strelka/PRJNA298376_4110DT_vs_PRJNA298376_4110DN/PRJNA298376_4110DT_vs_PRJNA298376_4110DN.strelka.variants.vcf.gz	abe6c0e88f47ba527836c28e1bc47d4f	8164711	2026-08-31T08:11:52.366819
PRJNA298376_4110	rna_deepsomatic	/t9k/mnt/WorkSpace/data/ngs/liuxin/seq2neo/output_1/PRJNA298376_4110/vcf_realignment/variant_calling/deepsomatic/PRJNA298376_4110RT_realign_vs_PRJNA298376_4110DN/PRJNA298376_4110RT_realign_vs_PRJNA298376_4110DN.deepsomatic.vcf.gz	a1f9e07a319c4d276d5dc4b5a6676689	360135	2026-08-31T08:11:52.366819
PRJNA298376_4110	rna_mutect2	/t9k/mnt/WorkSpace/data/ngs/liuxin/seq2neo/output_1/PRJNA298376_4110/vcf_realignment/variant_calling/mutect2/PRJNA298376_4110RT_realign_vs_PRJNA298376_4110DN/PRJNA298376_4110RT_realign_vs_PRJNA298376_4110DN.mutect2.filtered.vcf.gz	a49777511c857769e10fcf899569fc2a	107884	2026-08-31T08:11:52.366819
PRJNA298376_4110	rna_strelka	/t9k/mnt/WorkSpace/data/ngs/liuxin/seq2neo/output_1/PRJNA298376_4110/vcf_realignment/variant_calling/strelka/PRJNA298376_4110RT_realign_vs_PRJNA298376_4110DN/PRJNA298376_4110RT_realign_vs_PRJNA298376_4110DN.strelka.variants.vcf.gz	4da2eaabfc2b17f8613f2c5e2bd79a31	3357692	2026-08-31T08:11:52.366819
PRJNA298376_4112	dna_deepsomatic	/t9k/mnt/WorkSpace/data/ngs/liuxin/seq2neo/output_1/PRJNA298376_4112/variant_calling/deepsomatic/PRJNA298376_4112DT_vs_PRJNA298376_4112DN/PRJNA298376_4112DT_vs_PRJNA298376_4112DN.deepsomatic.vcf.gz	a3042936f8ce62a9c5c9fbacce19f8e7	24872036	2026-08-29T15:50:25.703447
PRJNA298376_4112	dna_mutect2	/t9k/mnt/WorkSpace/data/ngs/liuxin/seq2neo/output_1/PRJNA298376_4112/variant_calling/mutect2/PRJNA298376_4112DT_vs_PRJNA298376_4112DN/PRJNA298376_4112DT_vs_PRJNA298376_4112DN.mutect2.filtered.vcf.gz	a4550a1a9743bf68074d07965593fd70	778993	2026-08-29T15:50:25.703447
PRJNA298376_4112	dna_strelka	/t9k/mnt/WorkSpace/data/ngs/liuxin/seq2neo/output_1/PRJNA298376_4112/variant_calling/strelka/PRJNA298376_4112DT_vs_PRJNA298376_4112DN/PRJNA298376_4112DT_vs_PRJNA298376_4112DN.strelka.variants.vcf.gz	3e8cccb3429ac4a612e18756a64efd4d	3976956	2026-08-29T15:50:25.703447
PRJNA298376_4112	rna_deepsomatic	/t9k/mnt/WorkSpace/data/ngs/liuxin/seq2neo/output_1/PRJNA298376_4112/vcf_realignment/variant_calling/deepsomatic/PRJNA298376_4112RT_realign_vs_PRJNA298376_4112DN/PRJNA298376_4112RT_realign_vs_PRJNA298376_4112DN.deepsomatic.vcf.gz	5a518e4c612c918469a54899a1e92517	3733583	2026-08-29T15:50:25.703447
PRJNA298376_4112	rna_mutect2	/t9k/mnt/WorkSpace/data/ngs/liuxin/seq2neo/output_1/PRJNA298376_4112/vcf_realignment/variant_calling/mutect2/PRJNA298376_4112RT_realign_vs_PRJNA298376_4112DN/PRJNA298376_4112RT_realign_vs_PRJNA298376_4112DN.mutect2.filtered.vcf.gz	6e7ee36e744451ed4db30dcfbff6435c	293238	2026-08-29T15:50:25.703447
PRJNA298376_4112	rna_strelka	/t9k/mnt/WorkSpace/data/ngs/liuxin/seq2neo/output_1/PRJNA298376_4112/vcf_realignment/variant_calling/strelka/PRJNA298376_4112RT_realign_vs_PRJNA298376_4112DN/PRJNA298376_4112RT_realign_vs_PRJNA298376_4112DN.strelka.variants.vcf.gz	302a3d3df80c6ef4773cc07ae44ce7b6	6087624	2026-08-29T15:50:25.703447
PRJNA298376_4115	dna_deepsomatic	/t9k/mnt/WorkSpace/data/ngs/xuzhenyu/work/seq2neo/output/PRJNA298376_4115/variant_calling/deepsomatic/PRJNA298376_4115DT_vs_PRJNA298376_4115DN/PRJNA298376_4115DT_vs_PRJNA298376_4115DN.deepsomatic.vcf.gz	b8d025bcc9281e8216ea281f5edae187	9479244	2026-09-01T01:07:03.741858
PRJNA298376_4115	dna_mutect2	/t9k/mnt/WorkSpace/data/ngs/xuzhenyu/work/seq2neo/output/PRJNA298376_4115/variant_calling/mutect2/PRJNA298376_4115DT_vs_PRJNA298376_4115DN/PRJNA298376_4115DT_vs_PRJNA298376_4115DN.mutect2.filtered.vcf.gz	2e79838c2c03820f12f68c0cd47ed5c1	576940	2026-09-01T01:07:03.741858
PRJNA298376_4115	dna_strelka	/t9k/mnt/WorkSpace/data/ngs/xuzhenyu/work/seq2neo/output/PRJNA298376_4115/variant_calling/strelka/PRJNA298376_4115DT_vs_PRJNA298376_4115DN/PRJNA298376_4115DT_vs_PRJNA298376_4115DN.strelka.variants.vcf.gz	6bebb55345d2c0ee426d6bbbc57d0f35	3277195	2026-09-01T01:07:03.741858
PRJNA298376_4115	rna_deepsomatic	/t9k/mnt/WorkSpace/data/ngs/xuzhenyu/work/seq2neo/output/PRJNA298376_4115/vcf_realignment/variant_calling/deepsomatic/PRJNA298376_4115RT_realign_vs_PRJNA298376_4115DN/PRJNA298376_4115RT_realign_vs_PRJNA298376_4115DN.deepsomatic.vcf.gz	c94545ef5aae4fbe339f4130d77e0628	228159	2026-09-01T01:07:03.741858
PRJNA298376_4115	rna_mutect2	/t9k/mnt/WorkSpace/data/ngs/xuzhenyu/work/seq2neo/output/PRJNA298376_4115/vcf_realignment/variant_calling/mutect2/PRJNA298376_4115RT_realign_vs_PRJNA298376_4115DN/PRJNA298376_4115RT_realign_vs_PRJNA298376_4115DN.mutect2.filtered.vcf.gz	0762939a713dc8c69efdbc57a3d7c01b	35503	2026-09-01T01:07:03.741858
PRJNA298376_4115	rna_strelka	/t9k/mnt/WorkSpace/data/ngs/xuzhenyu/work/seq2neo/output/PRJNA298376_4115/vcf_realignment/variant_calling/strelka/PRJNA298376_4115RT_realign_vs_PRJNA298376_4115DN/PRJNA298376_4115RT_realign_vs_PRJNA298376_4115DN.strelka.variants.vcf.gz	e0c7095a8aeef72d6ea6d19e937da144	3234082	2026-09-01T01:07:03.741858
PRJNA298376_4145	dna_deepsomatic	/t9k/mnt/WorkSpace/data/ngs/liuxin/seq2neo/output_1/PRJNA298376_4145/variant_calling/deepsomatic/PRJNA298376_4145DT_vs_PRJNA298376_4145DN/PRJNA298376_4145DT_vs_PRJNA298376_4145DN.deepsomatic.vcf.gz	7469b4cf42e0e24fbb1bfca1cf107460	25820743	2026-08-29T16:14:05.984639
PRJNA298376_4145	dna_mutect2	/t9k/mnt/WorkSpace/data/ngs/liuxin/seq2neo/output_1/PRJNA298376_4145/variant_calling/mutect2/PRJNA298376_4145DT_vs_PRJNA298376_4145DN/PRJNA298376_4145DT_vs_PRJNA298376_4145DN.mutect2.filtered.vcf.gz	7e3ac69ca4696cfbbf7eb0424ed863b1	4034730	2026-08-29T16:14:05.984639
PRJNA298376_4145	dna_strelka	/t9k/mnt/WorkSpace/data/ngs/liuxin/seq2neo/output_1/PRJNA298376_4145/variant_calling/strelka/PRJNA298376_4145DT_vs_PRJNA298376_4145DN/PRJNA298376_4145DT_vs_PRJNA298376_4145DN.strelka.variants.vcf.gz	049d0969ad879647a042fbe5b9128538	4757843	2026-08-29T16:14:05.984639
PRJNA298376_4145	rna_deepsomatic	/t9k/mnt/WorkSpace/data/ngs/liuxin/seq2neo/output_1/PRJNA298376_4145/vcf_realignment/variant_calling/deepsomatic/PRJNA298376_4145RT_realign_vs_PRJNA298376_4145DN/PRJNA298376_4145RT_realign_vs_PRJNA298376_4145DN.deepsomatic.vcf.gz	9fdec56931881303d9df23c6e98b306a	5656109	2026-08-29T16:14:05.984639
PRJNA298376_4145	rna_mutect2	/t9k/mnt/WorkSpace/data/ngs/liuxin/seq2neo/output_1/PRJNA298376_4145/vcf_realignment/variant_calling/mutect2/PRJNA298376_4145RT_realign_vs_PRJNA298376_4145DN/PRJNA298376_4145RT_realign_vs_PRJNA298376_4145DN.mutect2.filtered.vcf.gz	28fb6328be9ae96ba4262d0d7cc78e10	550200	2026-08-29T16:14:05.984639
PRJNA298376_4145	rna_strelka	/t9k/mnt/WorkSpace/data/ngs/liuxin/seq2neo/output_1/PRJNA298376_4145/vcf_realignment/variant_calling/strelka/PRJNA298376_4145RT_realign_vs_PRJNA298376_4145DN/PRJNA298376_4145RT_realign_vs_PRJNA298376_4145DN.strelka.variants.vcf.gz	701d6b2c4be8e7f0831905c7c87c2b71	11719204	2026-08-29T16:14:05.984639
PRJNA298376_4151	dna_deepsomatic	/t9k/mnt/WorkSpace/data/ngs/xuzhenyu/work/seq2neo/output/PRJNA298376_4151/variant_calling/deepsomatic/PRJNA298376_4151DT_vs_PRJNA298376_4151DN/PRJNA298376_4151DT_vs_PRJNA298376_4151DN.deepsomatic.vcf.gz	f1e6c73a2574e09f5075cf5a4a827288	25331415	2026-08-29T16:59:29.616944
PRJNA298376_4151	dna_mutect2	/t9k/mnt/WorkSpace/data/ngs/xuzhenyu/work/seq2neo/output/PRJNA298376_4151/variant_calling/mutect2/PRJNA298376_4151DT_vs_PRJNA298376_4151DN/PRJNA298376_4151DT_vs_PRJNA298376_4151DN.mutect2.filtered.vcf.gz	648c45ce216b08474aa5655102543366	4031524	2026-08-29T16:59:29.616944
PRJNA298376_4151	dna_strelka	/t9k/mnt/WorkSpace/data/ngs/xuzhenyu/work/seq2neo/output/PRJNA298376_4151/variant_calling/strelka/PRJNA298376_4151DT_vs_PRJNA298376_4151DN/PRJNA298376_4151DT_vs_PRJNA298376_4151DN.strelka.variants.vcf.gz	bac96e8b4949c0841701524209d38dca	5116875	2026-08-29T16:59:29.616944
PRJNA298376_4151	rna_deepsomatic	/t9k/mnt/WorkSpace/data/ngs/xuzhenyu/work/seq2neo/output/PRJNA298376_4151/vcf_realignment/variant_calling/deepsomatic/PRJNA298376_4151RT_realign_vs_PRJNA298376_4151DN/PRJNA298376_4151RT_realign_vs_PRJNA298376_4151DN.deepsomatic.vcf.gz	ea891f5b2975f3e9f36b0885aa820e83	576938	2026-08-29T16:59:29.616944
PRJNA298376_4151	rna_mutect2	/t9k/mnt/WorkSpace/data/ngs/xuzhenyu/work/seq2neo/output/PRJNA298376_4151/vcf_realignment/variant_calling/mutect2/PRJNA298376_4151RT_realign_vs_PRJNA298376_4151DN/PRJNA298376_4151RT_realign_vs_PRJNA298376_4151DN.mutect2.filtered.vcf.gz	8b63c98067b0e2f337b1fdbdf8e786b7	71364	2026-08-29T16:59:29.616944
PRJNA298376_4151	rna_strelka	/t9k/mnt/WorkSpace/data/ngs/xuzhenyu/work/seq2neo/output/PRJNA298376_4151/vcf_realignment/variant_calling/strelka/PRJNA298376_4151RT_realign_vs_PRJNA298376_4151DN/PRJNA298376_4151RT_realign_vs_PRJNA298376_4151DN.strelka.variants.vcf.gz	37bfb11781a0563eda47b22351a047dd	10737742	2026-08-29T16:59:29.616944
PRJNA298376_4160	dna_deepsomatic	/t9k/mnt/WorkSpace/data/ngs/xuzhenyu/work/seq2neo/output/PRJNA298376_4160/variant_calling/deepsomatic/PRJNA298376_4160DT_vs_PRJNA298376_4160DN/PRJNA298376_4160DT_vs_PRJNA298376_4160DN.deepsomatic.vcf.gz	6bc42dbccdd4c0808de0c608faec89ba	38100258	2026-08-31T00:59:52.158149
PRJNA298376_4160	dna_mutect2	/t9k/mnt/WorkSpace/data/ngs/xuzhenyu/work/seq2neo/output/PRJNA298376_4160/variant_calling/mutect2/PRJNA298376_4160DT_vs_PRJNA298376_4160DN/PRJNA298376_4160DT_vs_PRJNA298376_4160DN.mutect2.filtered.vcf.gz	a01f2298f72a29953e0e18d03961c4af	2857506	2026-08-31T00:59:52.158149
PRJNA298376_4160	dna_strelka	/t9k/mnt/WorkSpace/data/ngs/xuzhenyu/work/seq2neo/output/PRJNA298376_4160/variant_calling/strelka/PRJNA298376_4160DT_vs_PRJNA298376_4160DN/PRJNA298376_4160DT_vs_PRJNA298376_4160DN.strelka.variants.vcf.gz	83c428b60dba162e801d293c5dcc50f1	7890999	2026-08-31T00:59:52.158149
PRJNA298376_4160	rna_deepsomatic	/t9k/mnt/WorkSpace/data/ngs/xuzhenyu/work/seq2neo/output/PRJNA298376_4160/vcf_realignment/variant_calling/deepsomatic/PRJNA298376_4160RT_realign_vs_PRJNA298376_4160DN/PRJNA298376_4160RT_realign_vs_PRJNA298376_4160DN.deepsomatic.vcf.gz	c1ad88c8cdf3715e33f0df718b6ff9d7	3467262	2026-08-31T00:59:52.158149
PRJNA298376_4160	rna_mutect2	/t9k/mnt/WorkSpace/data/ngs/xuzhenyu/work/seq2neo/output/PRJNA298376_4160/vcf_realignment/variant_calling/mutect2/PRJNA298376_4160RT_realign_vs_PRJNA298376_4160DN/PRJNA298376_4160RT_realign_vs_PRJNA298376_4160DN.mutect2.filtered.vcf.gz	3c0752bce32d797cfac5d91766f2ffec	291304	2026-08-31T00:59:52.158149
PRJNA298376_4160	rna_strelka	/t9k/mnt/WorkSpace/data/ngs/xuzhenyu/work/seq2neo/output/PRJNA298376_4160/vcf_realignment/variant_calling/strelka/PRJNA298376_4160RT_realign_vs_PRJNA298376_4160DN/PRJNA298376_4160RT_realign_vs_PRJNA298376_4160DN.strelka.variants.vcf.gz	fa8e7cdd8b10d86062af6f8613dd3ace	17510360	2026-08-31T00:59:52.158149
PRJNA298376_4166	dna_deepsomatic	/t9k/mnt/WorkSpace/data/ngs/liuxin/seq2neo/output_1/PRJNA298376_4166/variant_calling/deepsomatic/PRJNA298376_4166DT_vs_PRJNA298376_4166DN/PRJNA298376_4166DT_vs_PRJNA298376_4166DN.deepsomatic.vcf.gz	90e068cde569cd9f6c9b29b11b496f80	21130782	2026-08-29T17:39:45.365698
PRJNA298376_4166	dna_mutect2	/t9k/mnt/WorkSpace/data/ngs/liuxin/seq2neo/output_1/PRJNA298376_4166/variant_calling/mutect2/PRJNA298376_4166DT_vs_PRJNA298376_4166DN/PRJNA298376_4166DT_vs_PRJNA298376_4166DN.mutect2.filtered.vcf.gz	843cad253aa32a6388503798a584b155	678152	2026-08-29T17:39:45.365698
PRJNA298376_4166	dna_strelka	/t9k/mnt/WorkSpace/data/ngs/liuxin/seq2neo/output_1/PRJNA298376_4166/variant_calling/strelka/PRJNA298376_4166DT_vs_PRJNA298376_4166DN/PRJNA298376_4166DT_vs_PRJNA298376_4166DN.strelka.variants.vcf.gz	78673a4be87d3c866e736e39b7ddd6ae	3100430	2026-08-29T17:39:45.365698
PRJNA298376_4166	rna_deepsomatic	/t9k/mnt/WorkSpace/data/ngs/liuxin/seq2neo/output_1/PRJNA298376_4166/vcf_realignment/variant_calling/deepsomatic/PRJNA298376_4166RT_realign_vs_PRJNA298376_4166DN/PRJNA298376_4166RT_realign_vs_PRJNA298376_4166DN.deepsomatic.vcf.gz	b2fb2e29484508bbe72e5aa76eeaad2b	5599027	2026-08-29T17:39:45.365698
PRJNA298376_4166	rna_mutect2	/t9k/mnt/WorkSpace/data/ngs/liuxin/seq2neo/output_1/PRJNA298376_4166/vcf_realignment/variant_calling/mutect2/PRJNA298376_4166RT_realign_vs_PRJNA298376_4166DN/PRJNA298376_4166RT_realign_vs_PRJNA298376_4166DN.mutect2.filtered.vcf.gz	bff94c1782c3cd646df1761e93c0e13d	592164	2026-08-29T17:39:45.365698
PRJNA298376_4166	rna_strelka	/t9k/mnt/WorkSpace/data/ngs/liuxin/seq2neo/output_1/PRJNA298376_4166/vcf_realignment/variant_calling/strelka/PRJNA298376_4166RT_realign_vs_PRJNA298376_4166DN/PRJNA298376_4166RT_realign_vs_PRJNA298376_4166DN.strelka.variants.vcf.gz	ecfd8a0c73e356c38c9242066d885c94	6209036	2026-08-29T17:39:45.365698
PRJNA298376_4196	dna_deepsomatic	/t9k/mnt/WorkSpace/data/ngs/xuzhenyu/work/seq2neo/output/PRJNA298376_4196/variant_calling/deepsomatic/PRJNA298376_4196DT_vs_PRJNA298376_4196DN/PRJNA298376_4196DT_vs_PRJNA298376_4196DN.deepsomatic.vcf.gz	be5ff9477c3199a88fe3acb395677020	40588941	2026-08-29T18:25:26.905421
PRJNA298376_4196	dna_mutect2	/t9k/mnt/WorkSpace/data/ngs/xuzhenyu/work/seq2neo/output/PRJNA298376_4196/variant_calling/mutect2/PRJNA298376_4196DT_vs_PRJNA298376_4196DN/PRJNA298376_4196DT_vs_PRJNA298376_4196DN.mutect2.filtered.vcf.gz	221f7bae57048a4ef16946bbd614bdfb	10339045	2026-08-29T18:25:26.905421
PRJNA298376_4196	dna_strelka	/t9k/mnt/WorkSpace/data/ngs/xuzhenyu/work/seq2neo/output/PRJNA298376_4196/variant_calling/strelka/PRJNA298376_4196DT_vs_PRJNA298376_4196DN/PRJNA298376_4196DT_vs_PRJNA298376_4196DN.strelka.variants.vcf.gz	3317f8c69bae260ffdd027bb5f237b09	26792848	2026-08-29T18:25:26.905421
PRJNA298376_4196	rna_deepsomatic	/t9k/mnt/WorkSpace/data/ngs/xuzhenyu/work/seq2neo/output/PRJNA298376_4196/vcf_realignment/variant_calling/deepsomatic/PRJNA298376_4196RT_realign_vs_PRJNA298376_4196DN/PRJNA298376_4196RT_realign_vs_PRJNA298376_4196DN.deepsomatic.vcf.gz	aabd33b4de42851b8790b1369646ae36	619040	2026-08-29T18:25:26.905421
PRJNA298376_4196	rna_mutect2	/t9k/mnt/WorkSpace/data/ngs/xuzhenyu/work/seq2neo/output/PRJNA298376_4196/vcf_realignment/variant_calling/mutect2/PRJNA298376_4196RT_realign_vs_PRJNA298376_4196DN/PRJNA298376_4196RT_realign_vs_PRJNA298376_4196DN.mutect2.filtered.vcf.gz	91ae218459ccf5b36f0a177a1a69e54c	102094	2026-08-29T18:25:26.905421
PRJNA298376_4196	rna_strelka	/t9k/mnt/WorkSpace/data/ngs/xuzhenyu/work/seq2neo/output/PRJNA298376_4196/vcf_realignment/variant_calling/strelka/PRJNA298376_4196RT_realign_vs_PRJNA298376_4196DN/PRJNA298376_4196RT_realign_vs_PRJNA298376_4196DN.strelka.variants.vcf.gz	30ce0604fda083f8ede611eb73e36ac3	4534014	2026-08-29T18:25:26.905421
PRJNA298376_4200	dna_deepsomatic	/t9k/mnt/WorkSpace/data/ngs/liuxin/seq2neo/output_1/PRJNA298376_4200/variant_calling/deepsomatic/PRJNA298376_4200DT_vs_PRJNA298376_4200DN/PRJNA298376_4200DT_vs_PRJNA298376_4200DN.deepsomatic.vcf.gz	36926399a7ffd65ffd6cf146d5437376	21058838	2026-08-29T16:38:40.122929
PRJNA298376_4200	dna_mutect2	/t9k/mnt/WorkSpace/data/ngs/liuxin/seq2neo/output_1/PRJNA298376_4200/variant_calling/mutect2/PRJNA298376_4200DT_vs_PRJNA298376_4200DN/PRJNA298376_4200DT_vs_PRJNA298376_4200DN.mutect2.filtered.vcf.gz	323e746e48470a0b1131cdbce41728e3	1010197	2026-08-29T16:38:40.122929
PRJNA298376_4200	dna_strelka	/t9k/mnt/WorkSpace/data/ngs/liuxin/seq2neo/output_1/PRJNA298376_4200/variant_calling/strelka/PRJNA298376_4200DT_vs_PRJNA298376_4200DN/PRJNA298376_4200DT_vs_PRJNA298376_4200DN.strelka.variants.vcf.gz	51f7bd223c9985f5638c752a26ab8e5d	3527182	2026-08-29T16:38:40.122929
PRJNA298376_4200	rna_deepsomatic	/t9k/mnt/WorkSpace/data/ngs/liuxin/seq2neo/output_1/PRJNA298376_4200/vcf_realignment/variant_calling/deepsomatic/PRJNA298376_4200RT_realign_vs_PRJNA298376_4200DN/PRJNA298376_4200RT_realign_vs_PRJNA298376_4200DN.deepsomatic.vcf.gz	1456be0ead3009a00c9a94279dc29369	9922636	2026-08-29T16:38:40.122929
PRJNA298376_4200	rna_mutect2	/t9k/mnt/WorkSpace/data/ngs/liuxin/seq2neo/output_1/PRJNA298376_4200/vcf_realignment/variant_calling/mutect2/PRJNA298376_4200RT_realign_vs_PRJNA298376_4200DN/PRJNA298376_4200RT_realign_vs_PRJNA298376_4200DN.mutect2.filtered.vcf.gz	d83008d50a2c776ac26fff99adb724d7	557210	2026-08-29T16:38:40.122929
PRJNA298376_4200	rna_strelka	/t9k/mnt/WorkSpace/data/ngs/liuxin/seq2neo/output_1/PRJNA298376_4200/vcf_realignment/variant_calling/strelka/PRJNA298376_4200RT_realign_vs_PRJNA298376_4200DN/PRJNA298376_4200RT_realign_vs_PRJNA298376_4200DN.strelka.variants.vcf.gz	7bfcbae481c9f276ad84a5631bb01adc	8919366	2026-08-29T16:38:40.122929
PRJNA298376_4203	dna_deepsomatic	/t9k/mnt/WorkSpace/data/ngs/liuxin/seq2neo/output_1/PRJNA298376_4203/variant_calling/deepsomatic/PRJNA298376_4203DT_vs_PRJNA298376_4203DN/PRJNA298376_4203DT_vs_PRJNA298376_4203DN.deepsomatic.vcf.gz	2e6e2c74419373157b05f236454bcff7	21389035	2026-08-29T19:00:37.197218
PRJNA298376_4203	dna_mutect2	/t9k/mnt/WorkSpace/data/ngs/liuxin/seq2neo/output_1/PRJNA298376_4203/variant_calling/mutect2/PRJNA298376_4203DT_vs_PRJNA298376_4203DN/PRJNA298376_4203DT_vs_PRJNA298376_4203DN.mutect2.filtered.vcf.gz	17403891c8fcce5f658472acc811127d	674792	2026-08-29T19:00:37.197218
PRJNA298376_4203	dna_strelka	/t9k/mnt/WorkSpace/data/ngs/liuxin/seq2neo/output_1/PRJNA298376_4203/variant_calling/strelka/PRJNA298376_4203DT_vs_PRJNA298376_4203DN/PRJNA298376_4203DT_vs_PRJNA298376_4203DN.strelka.variants.vcf.gz	1f046e68aeb35fa0094f07c152214961	2741928	2026-08-29T19:00:37.197218
PRJNA298376_4203	rna_deepsomatic	/t9k/mnt/WorkSpace/data/ngs/liuxin/seq2neo/output_1/PRJNA298376_4203/vcf_realignment/variant_calling/deepsomatic/PRJNA298376_4203RT_realign_vs_PRJNA298376_4203DN/PRJNA298376_4203RT_realign_vs_PRJNA298376_4203DN.deepsomatic.vcf.gz	c1a9da77cfcadc419dc2be230fd80d47	27077	2026-08-29T19:00:37.197218
PRJNA298376_4203	rna_mutect2	/t9k/mnt/WorkSpace/data/ngs/liuxin/seq2neo/output_1/PRJNA298376_4203/vcf_realignment/variant_calling/mutect2/PRJNA298376_4203RT_realign_vs_PRJNA298376_4203DN/PRJNA298376_4203RT_realign_vs_PRJNA298376_4203DN.mutect2.filtered.vcf.gz	454cfcc0ffdd741ffb8302fde54ff535	27976	2026-08-29T19:00:37.197218
PRJNA298376_4203	rna_strelka	/t9k/mnt/WorkSpace/data/ngs/liuxin/seq2neo/output_1/PRJNA298376_4203/vcf_realignment/variant_calling/strelka/PRJNA298376_4203RT_realign_vs_PRJNA298376_4203DN/PRJNA298376_4203RT_realign_vs_PRJNA298376_4203DN.strelka.variants.vcf.gz	b274cc6793f2302a9b37ed90dda067cf	17162102	2026-08-29T19:00:37.197218
PRJNA298376_4207	dna_deepsomatic	/t9k/mnt/WorkSpace/data/ngs/zhanlingmin/Rnadnavar/output/4207_rnadnavar/variant_calling/deepsomatic/4207DT_vs_4207DN/4207DT_vs_4207DN.deepsomatic.vcf.gz	db17807bed46530fc85b621bba70ffc5	17572858	2026-08-29T20:11:43.694674
PRJNA298376_4207	dna_mutect2	/t9k/mnt/WorkSpace/data/ngs/zhanlingmin/Rnadnavar/output/4207_rnadnavar/variant_calling/mutect2/4207DT_vs_4207DN/4207DT_vs_4207DN.mutect2.filtered.vcf.gz	45d02a790c5b6aa58f9f27fe870c2109	574017	2026-08-29T20:11:43.694674
PRJNA298376_4207	dna_strelka	/t9k/mnt/WorkSpace/data/ngs/zhanlingmin/Rnadnavar/output/4207_rnadnavar/variant_calling/strelka/4207DT_vs_4207DN/4207DT_vs_4207DN.strelka.variants.vcf.gz	85f1774e4255336e98a8d75d0e1a90d0	2083455	2026-08-29T20:11:43.694674
PRJNA298376_4207	rna_deepsomatic	/t9k/mnt/WorkSpace/data/ngs/zhanlingmin/Rnadnavar/output/4207_rnadnavar/vcf_realignment/variant_calling/deepsomatic/4207RT_realign_vs_4207DN/4207RT_realign_vs_4207DN.deepsomatic.vcf.gz	b5e787edec3c9ef140e7e4f132566515	2183368	2026-08-29T20:11:43.694674
PRJNA298376_4207	rna_mutect2	/t9k/mnt/WorkSpace/data/ngs/zhanlingmin/Rnadnavar/output/4207_rnadnavar/vcf_realignment/variant_calling/mutect2/4207RT_realign_vs_4207DN/4207RT_realign_vs_4207DN.mutect2.filtered.vcf.gz	6b887045d00005293aff4a44728bbbd5	373694	2026-08-29T20:11:43.694674
PRJNA298376_4207	rna_strelka	/t9k/mnt/WorkSpace/data/ngs/zhanlingmin/Rnadnavar/output/4207_rnadnavar/vcf_realignment/variant_calling/strelka/4207RT_realign_vs_4207DN/4207RT_realign_vs_4207DN.strelka.variants.vcf.gz	e6a8f7d34229197e8e3486aa9629de62	4163538	2026-08-29T20:11:43.694674
PRJNA298376_4214	dna_deepsomatic	/t9k/mnt/WorkSpace/data/ngs/liuxin/seq2neo/output_1/PRJNA298376_4214/variant_calling/deepsomatic/PRJNA298376_4214DT_vs_PRJNA298376_4214DN/PRJNA298376_4214DT_vs_PRJNA298376_4214DN.deepsomatic.vcf.gz	71ea6ab4c47c7668c55edece961d97e9	14639871	2026-09-01T02:41:15.924825
PRJNA298376_4214	dna_mutect2	/t9k/mnt/WorkSpace/data/ngs/liuxin/seq2neo/output_1/PRJNA298376_4214/variant_calling/mutect2/PRJNA298376_4214DT_vs_PRJNA298376_4214DN/PRJNA298376_4214DT_vs_PRJNA298376_4214DN.mutect2.filtered.vcf.gz	9a06c48253aa02d089a36da61aaf7f50	946530	2026-09-01T02:41:15.924825
PRJNA298376_4214	dna_strelka	/t9k/mnt/WorkSpace/data/ngs/liuxin/seq2neo/output_1/PRJNA298376_4214/variant_calling/strelka/PRJNA298376_4214DT_vs_PRJNA298376_4214DN/PRJNA298376_4214DT_vs_PRJNA298376_4214DN.strelka.variants.vcf.gz	7670b565104f1e3197ca38de9ee7a5c0	3023293	2026-09-01T02:41:15.924825
PRJNA298376_4214	rna_deepsomatic	/t9k/mnt/WorkSpace/data/ngs/liuxin/seq2neo/output_1/PRJNA298376_4214/vcf_realignment/variant_calling/deepsomatic/PRJNA298376_4214RT_realign_vs_PRJNA298376_4214DN/PRJNA298376_4214RT_realign_vs_PRJNA298376_4214DN.deepsomatic.vcf.gz	3eed38bc8600ba0e993837c9edf38a5e	8915911	2026-09-01T02:41:15.924825
PRJNA298376_4214	rna_mutect2	/t9k/mnt/WorkSpace/data/ngs/liuxin/seq2neo/output_1/PRJNA298376_4214/vcf_realignment/variant_calling/mutect2/PRJNA298376_4214RT_realign_vs_PRJNA298376_4214DN/PRJNA298376_4214RT_realign_vs_PRJNA298376_4214DN.mutect2.filtered.vcf.gz	c3da9d39be5a2ccac96af7660c86358f	717123	2026-09-01T02:41:15.924825
PRJNA298376_4214	rna_strelka	/t9k/mnt/WorkSpace/data/ngs/liuxin/seq2neo/output_1/PRJNA298376_4214/vcf_realignment/variant_calling/strelka/PRJNA298376_4214RT_realign_vs_PRJNA298376_4214DN/PRJNA298376_4214RT_realign_vs_PRJNA298376_4214DN.strelka.variants.vcf.gz	7218a970987cf6c213a94e2c912c0ead	13295998	2026-09-01T02:41:15.924825
PRJNA298376_4220	dna_deepsomatic	/t9k/mnt/WorkSpace/data/ngs/liuxin/seq2neo/output_1/PRJNA298376_4220/variant_calling/deepsomatic/PRJNA298376_4220DT_vs_PRJNA298376_4220DN/PRJNA298376_4220DT_vs_PRJNA298376_4220DN.deepsomatic.vcf.gz	4711fb80616177f3e28d7e0f787d0fa9	21220446	2026-09-01T04:08:27.338219
PRJNA298376_4220	dna_mutect2	/t9k/mnt/WorkSpace/data/ngs/liuxin/seq2neo/output_1/PRJNA298376_4220/variant_calling/mutect2/PRJNA298376_4220DT_vs_PRJNA298376_4220DN/PRJNA298376_4220DT_vs_PRJNA298376_4220DN.mutect2.filtered.vcf.gz	370c82606cbcc2f80a7d73ff23e03432	8663057	2026-09-01T04:08:27.338219
PRJNA298376_4220	dna_strelka	/t9k/mnt/WorkSpace/data/ngs/liuxin/seq2neo/output_1/PRJNA298376_4220/variant_calling/strelka/PRJNA298376_4220DT_vs_PRJNA298376_4220DN/PRJNA298376_4220DT_vs_PRJNA298376_4220DN.strelka.variants.vcf.gz	9ed6ddb4ac9ed66a0584ceabda05d4bd	5395231	2026-09-01T04:08:27.338219
PRJNA298376_4220	rna_deepsomatic	/t9k/mnt/WorkSpace/data/ngs/liuxin/seq2neo/output_1/PRJNA298376_4220/vcf_realignment/variant_calling/deepsomatic/PRJNA298376_4220RT_realign_vs_PRJNA298376_4220DN/PRJNA298376_4220RT_realign_vs_PRJNA298376_4220DN.deepsomatic.vcf.gz	c4c5254143a1fab7d9ced532d872cee7	2511572	2026-09-01T04:08:27.338219
PRJNA298376_4220	rna_mutect2	/t9k/mnt/WorkSpace/data/ngs/liuxin/seq2neo/output_1/PRJNA298376_4220/vcf_realignment/variant_calling/mutect2/PRJNA298376_4220RT_realign_vs_PRJNA298376_4220DN/PRJNA298376_4220RT_realign_vs_PRJNA298376_4220DN.mutect2.filtered.vcf.gz	ad2516316e11b5dbba434c8b0a350b64	292252	2026-09-01T04:08:27.338219
PRJNA298376_4220	rna_strelka	/t9k/mnt/WorkSpace/data/ngs/liuxin/seq2neo/output_1/PRJNA298376_4220/vcf_realignment/variant_calling/strelka/PRJNA298376_4220RT_realign_vs_PRJNA298376_4220DN/PRJNA298376_4220RT_realign_vs_PRJNA298376_4220DN.strelka.variants.vcf.gz	943ccc560c13fb6dde0fdf6f3abd53e1	9987620	2026-09-01T04:08:27.338219
PRJNA298376_4228	dna_deepsomatic	/t9k/mnt/WorkSpace/data/ngs/xuzhenyu/work/seq2neo/output/PRJNA298376_4228/variant_calling/deepsomatic/PRJNA298376_4228DT_vs_PRJNA298376_4228DN/PRJNA298376_4228DT_vs_PRJNA298376_4228DN.deepsomatic.vcf.gz	69623225b1b3f0bab45959f40b3c5d1a	17893760	2026-09-01T06:02:41.242629
PRJNA298376_4228	dna_mutect2	/t9k/mnt/WorkSpace/data/ngs/xuzhenyu/work/seq2neo/output/PRJNA298376_4228/variant_calling/mutect2/PRJNA298376_4228DT_vs_PRJNA298376_4228DN/PRJNA298376_4228DT_vs_PRJNA298376_4228DN.mutect2.filtered.vcf.gz	6ebbe38a61d3eac2aa63855a00d368fa	7424775	2026-09-01T06:02:41.242629
PRJNA298376_4228	dna_strelka	/t9k/mnt/WorkSpace/data/ngs/xuzhenyu/work/seq2neo/output/PRJNA298376_4228/variant_calling/strelka/PRJNA298376_4228DT_vs_PRJNA298376_4228DN/PRJNA298376_4228DT_vs_PRJNA298376_4228DN.strelka.variants.vcf.gz	d119ec55bddbf20902a8b34ca436209b	10021311	2026-09-01T06:02:41.242629
PRJNA298376_4228	rna_deepsomatic	/t9k/mnt/WorkSpace/data/ngs/xuzhenyu/work/seq2neo/output/PRJNA298376_4228/vcf_realignment/variant_calling/deepsomatic/PRJNA298376_4228RT_realign_vs_PRJNA298376_4228DN/PRJNA298376_4228RT_realign_vs_PRJNA298376_4228DN.deepsomatic.vcf.gz	06b11d73cb3ae495f97df327df2e656c	4847480	2026-09-01T06:02:41.242629
PRJNA298376_4228	rna_mutect2	/t9k/mnt/WorkSpace/data/ngs/xuzhenyu/work/seq2neo/output/PRJNA298376_4228/vcf_realignment/variant_calling/mutect2/PRJNA298376_4228RT_realign_vs_PRJNA298376_4228DN/PRJNA298376_4228RT_realign_vs_PRJNA298376_4228DN.mutect2.filtered.vcf.gz	a634912f0e4e02e189dbd5f34e6aab9d	898962	2026-09-01T06:02:41.242629
PRJNA298376_4228	rna_strelka	/t9k/mnt/WorkSpace/data/ngs/xuzhenyu/work/seq2neo/output/PRJNA298376_4228/vcf_realignment/variant_calling/strelka/PRJNA298376_4228RT_realign_vs_PRJNA298376_4228DN/PRJNA298376_4228RT_realign_vs_PRJNA298376_4228DN.strelka.variants.vcf.gz	19562998d9b876efd4697eab3009bfad	6622216	2026-09-01T06:02:41.242629
PRJNA298376_4231	dna_deepsomatic	/t9k/mnt/WorkSpace/data/ngs/liuxin/seq2neo/output_1/PRJNA298376_4231/variant_calling/deepsomatic/PRJNA298376_4231DT_vs_PRJNA298376_4231DN/PRJNA298376_4231DT_vs_PRJNA298376_4231DN.deepsomatic.vcf.gz	413ad97d28e380dcbfb791903d315374	15250070	2026-08-29T17:58:54.990524
PRJNA298376_4231	dna_mutect2	/t9k/mnt/WorkSpace/data/ngs/liuxin/seq2neo/output_1/PRJNA298376_4231/variant_calling/mutect2/PRJNA298376_4231DT_vs_PRJNA298376_4231DN/PRJNA298376_4231DT_vs_PRJNA298376_4231DN.mutect2.filtered.vcf.gz	6fdae51c495a688869c6e651486bb408	1369113	2026-08-29T17:58:54.990524
PRJNA298376_4231	dna_strelka	/t9k/mnt/WorkSpace/data/ngs/liuxin/seq2neo/output_1/PRJNA298376_4231/variant_calling/strelka/PRJNA298376_4231DT_vs_PRJNA298376_4231DN/PRJNA298376_4231DT_vs_PRJNA298376_4231DN.strelka.variants.vcf.gz	c959e437e773a195f2adf749df8a1ce3	3054904	2026-08-29T17:58:54.990524
PRJNA298376_4231	rna_deepsomatic	/t9k/mnt/WorkSpace/data/ngs/liuxin/seq2neo/output_1/PRJNA298376_4231/vcf_realignment/variant_calling/deepsomatic/PRJNA298376_4231RT_realign_vs_PRJNA298376_4231DN/PRJNA298376_4231RT_realign_vs_PRJNA298376_4231DN.deepsomatic.vcf.gz	d1118c5eefb08828c9050e5fad91d483	1411013	2026-08-29T17:58:54.990524
PRJNA298376_4231	rna_mutect2	/t9k/mnt/WorkSpace/data/ngs/liuxin/seq2neo/output_1/PRJNA298376_4231/vcf_realignment/variant_calling/mutect2/PRJNA298376_4231RT_realign_vs_PRJNA298376_4231DN/PRJNA298376_4231RT_realign_vs_PRJNA298376_4231DN.mutect2.filtered.vcf.gz	87cf5276125f523fb75020abd81bd67f	59432	2026-08-29T17:58:54.990524
PRJNA298376_4231	rna_strelka	/t9k/mnt/WorkSpace/data/ngs/liuxin/seq2neo/output_1/PRJNA298376_4231/vcf_realignment/variant_calling/strelka/PRJNA298376_4231RT_realign_vs_PRJNA298376_4231DN/PRJNA298376_4231RT_realign_vs_PRJNA298376_4231DN.strelka.variants.vcf.gz	621881d668baebb7d3b4187bdea64fd4	3847637	2026-08-29T17:58:54.990524
PRJNA298376_4232	dna_deepsomatic	/t9k/mnt/WorkSpace/data/ngs/zhanlingmin/Rnadnavar/output/4232_rnadnavar/variant_calling/deepsomatic/4232DT_vs_4232DN/4232DT_vs_4232DN.deepsomatic.vcf.gz	419ef04c581cb8c185d0dc0fd14a3f86	32337564	2026-08-29T20:22:03.201794
PRJNA298376_4232	dna_mutect2	/t9k/mnt/WorkSpace/data/ngs/zhanlingmin/Rnadnavar/output/4232_rnadnavar/variant_calling/mutect2/4232DT_vs_4232DN/4232DT_vs_4232DN.mutect2.filtered.vcf.gz	1ebfb0628e6082bae30503b615f065e5	4457678	2026-08-29T20:22:03.201794
PRJNA298376_4232	dna_strelka	/t9k/mnt/WorkSpace/data/ngs/zhanlingmin/Rnadnavar/output/4232_rnadnavar/variant_calling/strelka/4232DT_vs_4232DN/4232DT_vs_4232DN.strelka.variants.vcf.gz	623736a28a5dd78bb71fd601331ec5ae	9242064	2026-08-29T20:22:03.201794
PRJNA298376_4232	rna_deepsomatic	/t9k/mnt/WorkSpace/data/ngs/zhanlingmin/Rnadnavar/output/4232_rnadnavar/vcf_realignment/variant_calling/deepsomatic/4232RT_realign_vs_4232DN/4232RT_realign_vs_4232DN.deepsomatic.vcf.gz	7d05bf4a9150734f52a80cfa99736c2a	1109826	2026-08-29T20:22:03.201794
PRJNA298376_4232	rna_mutect2	/t9k/mnt/WorkSpace/data/ngs/zhanlingmin/Rnadnavar/output/4232_rnadnavar/vcf_realignment/variant_calling/mutect2/4232RT_realign_vs_4232DN/4232RT_realign_vs_4232DN.mutect2.filtered.vcf.gz	58d51f952564fe22febb9ed2b256891f	112623	2026-08-29T20:22:03.201794
PRJNA298376_4232	rna_strelka	/t9k/mnt/WorkSpace/data/ngs/zhanlingmin/Rnadnavar/output/4232_rnadnavar/vcf_realignment/variant_calling/strelka/4232RT_realign_vs_4232DN/4232RT_realign_vs_4232DN.strelka.variants.vcf.gz	3fab5c161e09fcd77fa1ef5972460d1b	13150266	2026-08-29T20:22:03.201794
PRJNA298376_4236	dna_deepsomatic	/t9k/mnt/WorkSpace/data/ngs/xuzhenyu/work/seq2neo/output/PRJNA298376_4236/variant_calling/deepsomatic/PRJNA298376_4236DT_vs_PRJNA298376_4236DN/PRJNA298376_4236DT_vs_PRJNA298376_4236DN.deepsomatic.vcf.gz	19d03eaa812117a8eef6b99d97d36f94	14523644	2026-08-29T21:26:10.946098
PRJNA298376_4236	dna_mutect2	/t9k/mnt/WorkSpace/data/ngs/xuzhenyu/work/seq2neo/output/PRJNA298376_4236/variant_calling/mutect2/PRJNA298376_4236DT_vs_PRJNA298376_4236DN/PRJNA298376_4236DT_vs_PRJNA298376_4236DN.mutect2.filtered.vcf.gz	63b2d3a8bb219900b78e31c62f236480	892644	2026-08-29T21:26:10.946098
PRJNA298376_4236	dna_strelka	/t9k/mnt/WorkSpace/data/ngs/xuzhenyu/work/seq2neo/output/PRJNA298376_4236/variant_calling/strelka/PRJNA298376_4236DT_vs_PRJNA298376_4236DN/PRJNA298376_4236DT_vs_PRJNA298376_4236DN.strelka.variants.vcf.gz	2db2eb5215d523a84ddfb0c0b38812e8	2314137	2026-08-29T21:26:10.946098
PRJNA298376_4236	rna_deepsomatic	/t9k/mnt/WorkSpace/data/ngs/xuzhenyu/work/seq2neo/output/PRJNA298376_4236/vcf_realignment/variant_calling/deepsomatic/PRJNA298376_4236RT_realign_vs_PRJNA298376_4236DN/PRJNA298376_4236RT_realign_vs_PRJNA298376_4236DN.deepsomatic.vcf.gz	934ac3412d95462051ea09fef75e7baf	3860839	2026-08-29T21:26:10.946098
PRJNA298376_4236	rna_mutect2	/t9k/mnt/WorkSpace/data/ngs/xuzhenyu/work/seq2neo/output/PRJNA298376_4236/vcf_realignment/variant_calling/mutect2/PRJNA298376_4236RT_realign_vs_PRJNA298376_4236DN/PRJNA298376_4236RT_realign_vs_PRJNA298376_4236DN.mutect2.filtered.vcf.gz	ccce3682a4d6510fc039442b6347bcfa	292381	2026-08-29T21:26:10.946098
PRJNA298376_4236	rna_strelka	/t9k/mnt/WorkSpace/data/ngs/xuzhenyu/work/seq2neo/output/PRJNA298376_4236/vcf_realignment/variant_calling/strelka/PRJNA298376_4236RT_realign_vs_PRJNA298376_4236DN/PRJNA298376_4236RT_realign_vs_PRJNA298376_4236DN.strelka.variants.vcf.gz	a24332b9342755e1ca9f8abffc3261b6	5344457	2026-08-29T21:26:10.946098
PRJNA298376_4239	dna_deepsomatic	/t9k/mnt/WorkSpace/data/ngs/liuxin/seq2neo/output_1/PRJNA298376_4239/variant_calling/deepsomatic/PRJNA298376_4239DT_vs_PRJNA298376_4239DN/PRJNA298376_4239DT_vs_PRJNA298376_4239DN.deepsomatic.vcf.gz	fa4e3c7d80159c714f3103f8cdac65ae	67893218	2026-08-31T02:27:56.992632
PRJNA298376_4239	dna_mutect2	/t9k/mnt/WorkSpace/data/ngs/liuxin/seq2neo/output_1/PRJNA298376_4239/variant_calling/mutect2/PRJNA298376_4239DT_vs_PRJNA298376_4239DN/PRJNA298376_4239DT_vs_PRJNA298376_4239DN.mutect2.filtered.vcf.gz	825e4f7cdda97c3a2fec8753b704daef	5890377	2026-08-31T02:27:56.992632
PRJNA298376_4239	dna_strelka	/t9k/mnt/WorkSpace/data/ngs/liuxin/seq2neo/output_1/PRJNA298376_4239/variant_calling/strelka/PRJNA298376_4239DT_vs_PRJNA298376_4239DN/PRJNA298376_4239DT_vs_PRJNA298376_4239DN.strelka.variants.vcf.gz	00dbb2e780c604c73ab6e517379d4979	36837034	2026-08-31T02:27:56.992632
PRJNA298376_4239	rna_deepsomatic	/t9k/mnt/WorkSpace/data/ngs/liuxin/seq2neo/output_1/PRJNA298376_4239/vcf_realignment/variant_calling/deepsomatic/PRJNA298376_4239RT_realign_vs_PRJNA298376_4239DN/PRJNA298376_4239RT_realign_vs_PRJNA298376_4239DN.deepsomatic.vcf.gz	1969b48870288ff33640bc153ad69cf6	746159	2026-08-31T02:27:56.992632
PRJNA298376_4239	rna_mutect2	/t9k/mnt/WorkSpace/data/ngs/liuxin/seq2neo/output_1/PRJNA298376_4239/vcf_realignment/variant_calling/mutect2/PRJNA298376_4239RT_realign_vs_PRJNA298376_4239DN/PRJNA298376_4239RT_realign_vs_PRJNA298376_4239DN.mutect2.filtered.vcf.gz	e2f2752c69f78d17421aaeb481e079e0	105087	2026-08-31T02:27:56.992632
PRJNA298376_4239	rna_strelka	/t9k/mnt/WorkSpace/data/ngs/liuxin/seq2neo/output_1/PRJNA298376_4239/vcf_realignment/variant_calling/strelka/PRJNA298376_4239RT_realign_vs_PRJNA298376_4239DN/PRJNA298376_4239RT_realign_vs_PRJNA298376_4239DN.strelka.variants.vcf.gz	fd2064a32916b4798a418af62f0868b6	4947910	2026-08-31T02:27:56.992632
PRJNA298376_4242	dna_deepsomatic	/t9k/mnt/WorkSpace/data/ngs/liuxin/seq2neo/output_1/PRJNA298376_4242/variant_calling/deepsomatic/PRJNA298376_4242DT_vs_PRJNA298376_4242DN/PRJNA298376_4242DT_vs_PRJNA298376_4242DN.deepsomatic.vcf.gz	6cb7e4e66db8719b5103858f3ba63dca	36381047	2026-08-29T21:50:30.794845
PRJNA298376_4242	dna_mutect2	/t9k/mnt/WorkSpace/data/ngs/liuxin/seq2neo/output_1/PRJNA298376_4242/variant_calling/mutect2/PRJNA298376_4242DT_vs_PRJNA298376_4242DN/PRJNA298376_4242DT_vs_PRJNA298376_4242DN.mutect2.filtered.vcf.gz	02305dd8ba5b9b929b1377707d5363ff	787008	2026-08-29T21:50:30.794845
PRJNA298376_4242	dna_strelka	/t9k/mnt/WorkSpace/data/ngs/liuxin/seq2neo/output_1/PRJNA298376_4242/variant_calling/strelka/PRJNA298376_4242DT_vs_PRJNA298376_4242DN/PRJNA298376_4242DT_vs_PRJNA298376_4242DN.strelka.variants.vcf.gz	cbc6819e08dce4193bdceeed44a13c2c	4316777	2026-08-29T21:50:30.794845
PRJNA298376_4242	rna_deepsomatic	/t9k/mnt/WorkSpace/data/ngs/liuxin/seq2neo/output_1/PRJNA298376_4242/vcf_realignment/variant_calling/deepsomatic/PRJNA298376_4242RT_realign_vs_PRJNA298376_4242DN/PRJNA298376_4242RT_realign_vs_PRJNA298376_4242DN.deepsomatic.vcf.gz	7bc7230c65eed4afb77671ea01649a17	542061	2026-08-29T21:50:30.794845
PRJNA298376_4242	rna_mutect2	/t9k/mnt/WorkSpace/data/ngs/liuxin/seq2neo/output_1/PRJNA298376_4242/vcf_realignment/variant_calling/mutect2/PRJNA298376_4242RT_realign_vs_PRJNA298376_4242DN/PRJNA298376_4242RT_realign_vs_PRJNA298376_4242DN.mutect2.filtered.vcf.gz	2d0a20a119bcfdea70b11b02a94e8677	85937	2026-08-29T21:50:30.794845
PRJNA298376_4242	rna_strelka	/t9k/mnt/WorkSpace/data/ngs/liuxin/seq2neo/output_1/PRJNA298376_4242/vcf_realignment/variant_calling/strelka/PRJNA298376_4242RT_realign_vs_PRJNA298376_4242DN/PRJNA298376_4242RT_realign_vs_PRJNA298376_4242DN.strelka.variants.vcf.gz	eb88502fd42a327943a85c3ebd9d078a	6796551	2026-08-29T21:50:30.794845
PRJNA298376_4245	dna_deepsomatic	/t9k/mnt/WorkSpace/data/ngs/xuzhenyu/work/seq2neo/output/PRJNA298376_4245/variant_calling/deepsomatic/PRJNA298376_4245DT_vs_PRJNA298376_4245DN/PRJNA298376_4245DT_vs_PRJNA298376_4245DN.deepsomatic.vcf.gz	5613071f314fc165c084e569e887f0f4	48125141	2026-08-30T19:19:46.656728
PRJNA298376_4245	dna_mutect2	/t9k/mnt/WorkSpace/data/ngs/xuzhenyu/work/seq2neo/output/PRJNA298376_4245/variant_calling/mutect2/PRJNA298376_4245DT_vs_PRJNA298376_4245DN/PRJNA298376_4245DT_vs_PRJNA298376_4245DN.mutect2.filtered.vcf.gz	63a14734507cdae68fa249be08079fad	5430384	2026-08-30T19:19:46.656728
PRJNA298376_4245	dna_strelka	/t9k/mnt/WorkSpace/data/ngs/xuzhenyu/work/seq2neo/output/PRJNA298376_4245/variant_calling/strelka/PRJNA298376_4245DT_vs_PRJNA298376_4245DN/PRJNA298376_4245DT_vs_PRJNA298376_4245DN.strelka.variants.vcf.gz	1130162360611849f2b3de0e94b156ae	27365337	2026-08-30T19:19:46.656728
PRJNA298376_4245	rna_deepsomatic	/t9k/mnt/WorkSpace/data/ngs/xuzhenyu/work/seq2neo/output/PRJNA298376_4245/vcf_realignment/variant_calling/deepsomatic/PRJNA298376_4245RT_realign_vs_PRJNA298376_4245DN/PRJNA298376_4245RT_realign_vs_PRJNA298376_4245DN.deepsomatic.vcf.gz	d2c0f7b68f52be71aa1b7f2e620d7242	10063280	2026-08-30T19:19:46.656728
PRJNA298376_4245	rna_mutect2	/t9k/mnt/WorkSpace/data/ngs/xuzhenyu/work/seq2neo/output/PRJNA298376_4245/vcf_realignment/variant_calling/mutect2/PRJNA298376_4245RT_realign_vs_PRJNA298376_4245DN/PRJNA298376_4245RT_realign_vs_PRJNA298376_4245DN.mutect2.filtered.vcf.gz	17ee84f472685e5915940c4834213372	306093	2026-08-30T19:19:46.656728
PRJNA298376_4245	rna_strelka	/t9k/mnt/WorkSpace/data/ngs/xuzhenyu/work/seq2neo/output/PRJNA298376_4245/vcf_realignment/variant_calling/strelka/PRJNA298376_4245RT_realign_vs_PRJNA298376_4245DN/PRJNA298376_4245RT_realign_vs_PRJNA298376_4245DN.strelka.variants.vcf.gz	afb1a3ae7f99502cb58ea3909fb48a8c	7165645	2026-08-30T19:19:46.656728
PRJNA298376_4246	dna_deepsomatic	/t9k/mnt/WorkSpace/data/ngs/xuzhenyu/work/seq2neo/output/PRJNA298376_4246/variant_calling/deepsomatic/PRJNA298376_4246DT_vs_PRJNA298376_4246DN/PRJNA298376_4246DT_vs_PRJNA298376_4246DN.deepsomatic.vcf.gz	851b7e69e1bc3b4287c0ec43ac47a6ec	33326792	2026-08-29T19:22:17.299179
PRJNA298376_4246	dna_mutect2	/t9k/mnt/WorkSpace/data/ngs/xuzhenyu/work/seq2neo/output/PRJNA298376_4246/variant_calling/mutect2/PRJNA298376_4246DT_vs_PRJNA298376_4246DN/PRJNA298376_4246DT_vs_PRJNA298376_4246DN.mutect2.filtered.vcf.gz	fecaa731cf2d023ddbaae6ed7e903b06	11286165	2026-08-29T19:22:17.299179
PRJNA298376_4246	dna_strelka	/t9k/mnt/WorkSpace/data/ngs/xuzhenyu/work/seq2neo/output/PRJNA298376_4246/variant_calling/strelka/PRJNA298376_4246DT_vs_PRJNA298376_4246DN/PRJNA298376_4246DT_vs_PRJNA298376_4246DN.strelka.variants.vcf.gz	e029ca617069d32bc7914885cb24ae5b	19098039	2026-08-29T19:22:17.299179
PRJNA298376_4246	rna_deepsomatic	/t9k/mnt/WorkSpace/data/ngs/xuzhenyu/work/seq2neo/output/PRJNA298376_4246/vcf_realignment/variant_calling/deepsomatic/PRJNA298376_4246RT_realign_vs_PRJNA298376_4246DN/PRJNA298376_4246RT_realign_vs_PRJNA298376_4246DN.deepsomatic.vcf.gz	6eda98383bd779153249606b3372096f	4298231	2026-08-29T19:22:17.299179
PRJNA298376_4246	rna_mutect2	/t9k/mnt/WorkSpace/data/ngs/xuzhenyu/work/seq2neo/output/PRJNA298376_4246/vcf_realignment/variant_calling/mutect2/PRJNA298376_4246RT_realign_vs_PRJNA298376_4246DN/PRJNA298376_4246RT_realign_vs_PRJNA298376_4246DN.mutect2.filtered.vcf.gz	d4234612f971484963a36f6db2e2c15d	629969	2026-08-29T19:22:17.299179
PRJNA298376_4246	rna_strelka	/t9k/mnt/WorkSpace/data/ngs/xuzhenyu/work/seq2neo/output/PRJNA298376_4246/vcf_realignment/variant_calling/strelka/PRJNA298376_4246RT_realign_vs_PRJNA298376_4246DN/PRJNA298376_4246RT_realign_vs_PRJNA298376_4246DN.strelka.variants.vcf.gz	27f96360c6cd00abea23b476a7d217b3	7733708	2026-08-29T19:22:17.299179
PRJNA298376_4247	dna_deepsomatic	/t9k/mnt/WorkSpace/data/ngs/liuxin/seq2neo/output_1/PRJNA298376_4247/variant_calling/deepsomatic/PRJNA298376_4247DT_vs_PRJNA298376_4247DN/PRJNA298376_4247DT_vs_PRJNA298376_4247DN.deepsomatic.vcf.gz	0ac38f48134c560e3f8dcb28796f50ad	43524511	2026-08-29T23:46:46.960136
PRJNA298376_4247	dna_mutect2	/t9k/mnt/WorkSpace/data/ngs/liuxin/seq2neo/output_1/PRJNA298376_4247/variant_calling/mutect2/PRJNA298376_4247DT_vs_PRJNA298376_4247DN/PRJNA298376_4247DT_vs_PRJNA298376_4247DN.mutect2.filtered.vcf.gz	71f507b3f64440cd0012684794137ada	15760095	2026-08-29T23:46:46.960136
PRJNA298376_4247	dna_strelka	/t9k/mnt/WorkSpace/data/ngs/liuxin/seq2neo/output_1/PRJNA298376_4247/variant_calling/strelka/PRJNA298376_4247DT_vs_PRJNA298376_4247DN/PRJNA298376_4247DT_vs_PRJNA298376_4247DN.strelka.variants.vcf.gz	8d6b7a4e48024d484e1eaf1b0f9b8c6b	14773990	2026-08-29T23:46:46.960136
PRJNA298376_4247	rna_deepsomatic	/t9k/mnt/WorkSpace/data/ngs/liuxin/seq2neo/output_1/PRJNA298376_4247/vcf_realignment/variant_calling/deepsomatic/PRJNA298376_4247RT_realign_vs_PRJNA298376_4247DN/PRJNA298376_4247RT_realign_vs_PRJNA298376_4247DN.deepsomatic.vcf.gz	4e2a48d98b0ed4a9e540dda4947a6c93	5786310	2026-08-29T23:46:46.960136
PRJNA298376_4247	rna_mutect2	/t9k/mnt/WorkSpace/data/ngs/liuxin/seq2neo/output_1/PRJNA298376_4247/vcf_realignment/variant_calling/mutect2/PRJNA298376_4247RT_realign_vs_PRJNA298376_4247DN/PRJNA298376_4247RT_realign_vs_PRJNA298376_4247DN.mutect2.filtered.vcf.gz	2fe2fa894c0faab0f1313c9758001999	755554	2026-08-29T23:46:46.960136
PRJNA298376_4247	rna_strelka	/t9k/mnt/WorkSpace/data/ngs/liuxin/seq2neo/output_1/PRJNA298376_4247/vcf_realignment/variant_calling/strelka/PRJNA298376_4247RT_realign_vs_PRJNA298376_4247DN/PRJNA298376_4247RT_realign_vs_PRJNA298376_4247DN.strelka.variants.vcf.gz	ff61f1b73c2e790fe4531eb0323a9561	20953224	2026-08-29T23:46:46.960136
PRJNA298376_4252	dna_deepsomatic	/t9k/mnt/WorkSpace/data/ngs/zhanlingmin/Rnadnavar/output/4252_rnadnavar/variant_calling/deepsomatic/4252DT_vs_4252DN/4252DT_vs_4252DN.deepsomatic.vcf.gz	0221a486975bbfdb2e4045b819cfa107	14910028	2026-08-29T23:45:26.713346
PRJNA298376_4252	dna_mutect2	/t9k/mnt/WorkSpace/data/ngs/zhanlingmin/Rnadnavar/output/4252_rnadnavar/variant_calling/mutect2/4252DT_vs_4252DN/4252DT_vs_4252DN.mutect2.filtered.vcf.gz	7c86ae6617cd75ad8705573f691b9c0b	887503	2026-08-29T23:45:26.713346
PRJNA298376_4252	dna_strelka	/t9k/mnt/WorkSpace/data/ngs/zhanlingmin/Rnadnavar/output/4252_rnadnavar/variant_calling/strelka/4252DT_vs_4252DN/4252DT_vs_4252DN.strelka.variants.vcf.gz	cef05450010db8a618cb9e1df96e466f	2933115	2026-08-29T23:45:26.713346
PRJNA298376_4252	rna_deepsomatic	/t9k/mnt/WorkSpace/data/ngs/zhanlingmin/Rnadnavar/output/4252_rnadnavar/vcf_realignment/variant_calling/deepsomatic/4252RT_realign_vs_4252DN/4252RT_realign_vs_4252DN.deepsomatic.vcf.gz	96404d7712fca70e39a17795ce26a108	5757175	2026-08-29T23:45:26.713346
PRJNA298376_4252	rna_mutect2	/t9k/mnt/WorkSpace/data/ngs/zhanlingmin/Rnadnavar/output/4252_rnadnavar/vcf_realignment/variant_calling/mutect2/4252RT_realign_vs_4252DN/4252RT_realign_vs_4252DN.mutect2.filtered.vcf.gz	28bbf06b3248cbf979293a85675d681c	540170	2026-08-29T23:45:26.713346
PRJNA298376_4252	rna_strelka	/t9k/mnt/WorkSpace/data/ngs/zhanlingmin/Rnadnavar/output/4252_rnadnavar/vcf_realignment/variant_calling/strelka/4252RT_realign_vs_4252DN/4252RT_realign_vs_4252DN.strelka.variants.vcf.gz	7fc553814d48698df775bb0b2f2a2443	6313657	2026-08-29T23:45:26.713346
PRJNA298376_4255	dna_deepsomatic	/t9k/mnt/WorkSpace/data/ngs/zhanlingmin/Rnadnavar/output/4255_rnadnavar/variant_calling/deepsomatic/4255DT_vs_4255DN/4255DT_vs_4255DN.deepsomatic.vcf.gz	dd06153e70d16fcb714d09f26b7cc526	18007562	2026-08-29T20:52:04.704164
PRJNA298376_4255	dna_mutect2	/t9k/mnt/WorkSpace/data/ngs/zhanlingmin/Rnadnavar/output/4255_rnadnavar/variant_calling/mutect2/4255DT_vs_4255DN/4255DT_vs_4255DN.mutect2.filtered.vcf.gz	6c5e1cbcbe5367f3560916e39227a24e	6958293	2026-08-29T20:52:04.704164
PRJNA298376_4255	dna_strelka	/t9k/mnt/WorkSpace/data/ngs/zhanlingmin/Rnadnavar/output/4255_rnadnavar/variant_calling/strelka/4255DT_vs_4255DN/4255DT_vs_4255DN.strelka.variants.vcf.gz	01bbcef3d59e9042bf7eb8b20fc1d537	10400970	2026-08-29T20:52:04.704164
PRJNA298376_4255	rna_deepsomatic	/t9k/mnt/WorkSpace/data/ngs/zhanlingmin/Rnadnavar/output/4255_rnadnavar/vcf_realignment/variant_calling/deepsomatic/4255RT_realign_vs_4255DN/4255RT_realign_vs_4255DN.deepsomatic.vcf.gz	cf61a207eb4082fe9f94c4339eb27d77	2803074	2026-08-29T20:52:04.704164
PRJNA298376_4255	rna_mutect2	/t9k/mnt/WorkSpace/data/ngs/zhanlingmin/Rnadnavar/output/4255_rnadnavar/vcf_realignment/variant_calling/mutect2/4255RT_realign_vs_4255DN/4255RT_realign_vs_4255DN.mutect2.filtered.vcf.gz	9bc9b3d64b7ad8e25d777e4ad1a34d9e	439379	2026-08-29T20:52:04.704164
PRJNA298376_4255	rna_strelka	/t9k/mnt/WorkSpace/data/ngs/zhanlingmin/Rnadnavar/output/4255_rnadnavar/vcf_realignment/variant_calling/strelka/4255RT_realign_vs_4255DN/4255RT_realign_vs_4255DN.strelka.variants.vcf.gz	a7135107f5eeaff3a7bcd579f111b375	6080493	2026-08-29T20:52:04.704164
PRJNA298376_4257	dna_deepsomatic	/t9k/mnt/WorkSpace/data/ngs/liuxin/seq2neo/output_1/PRJNA298376_4257/variant_calling/deepsomatic/PRJNA298376_4257DT_vs_PRJNA298376_4257DN/PRJNA298376_4257DT_vs_PRJNA298376_4257DN.deepsomatic.vcf.gz	d40ce072545f6c90b8b1f25f9c080531	30705539	2026-08-30T01:48:26.242973
PRJNA298376_4257	dna_mutect2	/t9k/mnt/WorkSpace/data/ngs/liuxin/seq2neo/output_1/PRJNA298376_4257/variant_calling/mutect2/PRJNA298376_4257DT_vs_PRJNA298376_4257DN/PRJNA298376_4257DT_vs_PRJNA298376_4257DN.mutect2.filtered.vcf.gz	f4484252c31c0c87afde5fbcbb904e8a	5300169	2026-08-30T01:48:26.242973
PRJNA298376_4257	dna_strelka	/t9k/mnt/WorkSpace/data/ngs/liuxin/seq2neo/output_1/PRJNA298376_4257/variant_calling/strelka/PRJNA298376_4257DT_vs_PRJNA298376_4257DN/PRJNA298376_4257DT_vs_PRJNA298376_4257DN.strelka.variants.vcf.gz	ea77b1c8964c092ef4758f42cfcaf49e	10238553	2026-08-30T01:48:26.242973
PRJNA298376_4257	rna_deepsomatic	/t9k/mnt/WorkSpace/data/ngs/liuxin/seq2neo/output_1/PRJNA298376_4257/vcf_realignment/variant_calling/deepsomatic/PRJNA298376_4257RT_realign_vs_PRJNA298376_4257DN/PRJNA298376_4257RT_realign_vs_PRJNA298376_4257DN.deepsomatic.vcf.gz	9a969941d9f9190f8f9e95fb244b5f75	1703565	2026-08-30T01:48:26.242973
PRJNA298376_4257	rna_mutect2	/t9k/mnt/WorkSpace/data/ngs/liuxin/seq2neo/output_1/PRJNA298376_4257/vcf_realignment/variant_calling/mutect2/PRJNA298376_4257RT_realign_vs_PRJNA298376_4257DN/PRJNA298376_4257RT_realign_vs_PRJNA298376_4257DN.mutect2.filtered.vcf.gz	9102fe5a647cf09e8edd028711108ab4	248818	2026-08-30T01:48:26.242973
PRJNA298376_4257	rna_strelka	/t9k/mnt/WorkSpace/data/ngs/liuxin/seq2neo/output_1/PRJNA298376_4257/vcf_realignment/variant_calling/strelka/PRJNA298376_4257RT_realign_vs_PRJNA298376_4257DN/PRJNA298376_4257RT_realign_vs_PRJNA298376_4257DN.strelka.variants.vcf.gz	161aaee00723ed7aec0a560ada47f937	17589879	2026-08-30T01:48:26.242973
PRJNA298376_4259	dna_deepsomatic	/t9k/mnt/WorkSpace/data/ngs/xuzhenyu/work/seq2neo/output/PRJNA298376_4259/variant_calling/deepsomatic/PRJNA298376_4259DT_vs_PRJNA298376_4259DN/PRJNA298376_4259DT_vs_PRJNA298376_4259DN.deepsomatic.vcf.gz	80ad9ce8e42e2096d5f17b1832931bf2	18369230	2026-08-30T00:56:11.212195
PRJNA298376_4259	dna_mutect2	/t9k/mnt/WorkSpace/data/ngs/xuzhenyu/work/seq2neo/output/PRJNA298376_4259/variant_calling/mutect2/PRJNA298376_4259DT_vs_PRJNA298376_4259DN/PRJNA298376_4259DT_vs_PRJNA298376_4259DN.mutect2.filtered.vcf.gz	b7897c1514c34867d5be066cace25943	7670325	2026-08-30T00:56:11.212195
PRJNA298376_4259	dna_strelka	/t9k/mnt/WorkSpace/data/ngs/xuzhenyu/work/seq2neo/output/PRJNA298376_4259/variant_calling/strelka/PRJNA298376_4259DT_vs_PRJNA298376_4259DN/PRJNA298376_4259DT_vs_PRJNA298376_4259DN.strelka.variants.vcf.gz	8c73439eec28551d04725074e6e0b773	12016047	2026-08-30T00:56:11.212195
PRJNA298376_4259	rna_deepsomatic	/t9k/mnt/WorkSpace/data/ngs/xuzhenyu/work/seq2neo/output/PRJNA298376_4259/vcf_realignment/variant_calling/deepsomatic/PRJNA298376_4259RT_realign_vs_PRJNA298376_4259DN/PRJNA298376_4259RT_realign_vs_PRJNA298376_4259DN.deepsomatic.vcf.gz	63e8141164953745eadf01887bd66a03	1187003	2026-08-30T00:56:11.212195
PRJNA298376_4259	rna_mutect2	/t9k/mnt/WorkSpace/data/ngs/xuzhenyu/work/seq2neo/output/PRJNA298376_4259/vcf_realignment/variant_calling/mutect2/PRJNA298376_4259RT_realign_vs_PRJNA298376_4259DN/PRJNA298376_4259RT_realign_vs_PRJNA298376_4259DN.mutect2.filtered.vcf.gz	f63631ebda538f1ab5c4ab5e9e6868d9	242971	2026-08-30T00:56:11.212195
PRJNA298376_4259	rna_strelka	/t9k/mnt/WorkSpace/data/ngs/xuzhenyu/work/seq2neo/output/PRJNA298376_4259/vcf_realignment/variant_calling/strelka/PRJNA298376_4259RT_realign_vs_PRJNA298376_4259DN/PRJNA298376_4259RT_realign_vs_PRJNA298376_4259DN.strelka.variants.vcf.gz	6a8c49896ebc98c8465f7eabe68cd254	3963474	2026-08-30T00:56:11.212195
PRJNA298376_4262	dna_deepsomatic	/t9k/mnt/WorkSpace/data/ngs/zhanlingmin/Rnadnavar/output/4262_rnadnavar/variant_calling/deepsomatic/4262DT_vs_4262DN/4262DT_vs_4262DN.deepsomatic.vcf.gz	712e6c6da4b912cd88c9ad32323d6742	16078546	2026-08-29T22:11:35.132971
PRJNA298376_4262	dna_mutect2	/t9k/mnt/WorkSpace/data/ngs/zhanlingmin/Rnadnavar/output/4262_rnadnavar/variant_calling/mutect2/4262DT_vs_4262DN/4262DT_vs_4262DN.mutect2.filtered.vcf.gz	26774be799ff498e90c43e0b7d6eb48e	991945	2026-08-29T22:11:35.132971
PRJNA298376_4262	dna_strelka	/t9k/mnt/WorkSpace/data/ngs/zhanlingmin/Rnadnavar/output/4262_rnadnavar/variant_calling/strelka/4262DT_vs_4262DN/4262DT_vs_4262DN.strelka.variants.vcf.gz	d206b79134b31fcb57cd5ef40b86abd0	2893151	2026-08-29T22:11:35.132971
PRJNA298376_4262	rna_deepsomatic	/t9k/mnt/WorkSpace/data/ngs/zhanlingmin/Rnadnavar/output/4262_rnadnavar/vcf_realignment/variant_calling/deepsomatic/4262RT_realign_vs_4262DN/4262RT_realign_vs_4262DN.deepsomatic.vcf.gz	00cac1e6098eab62ff23b8a2d15bdbb2	2095617	2026-08-29T22:11:35.132971
PRJNA298376_4262	rna_mutect2	/t9k/mnt/WorkSpace/data/ngs/zhanlingmin/Rnadnavar/output/4262_rnadnavar/vcf_realignment/variant_calling/mutect2/4262RT_realign_vs_4262DN/4262RT_realign_vs_4262DN.mutect2.filtered.vcf.gz	2c28062bc6d4e676cba7b34e676ce7ed	281806	2026-08-29T22:11:35.132971
PRJNA298376_4262	rna_strelka	/t9k/mnt/WorkSpace/data/ngs/zhanlingmin/Rnadnavar/output/4262_rnadnavar/vcf_realignment/variant_calling/strelka/4262RT_realign_vs_4262DN/4262RT_realign_vs_4262DN.strelka.variants.vcf.gz	37304de253449872cdc82c392bb36603	11582076	2026-08-29T22:11:35.132971
PRJNA298376_4263	dna_deepsomatic	/t9k/mnt/WorkSpace/data/ngs/xuzhenyu/work/seq2neo/output/PRJNA298376_4263/variant_calling/deepsomatic/PRJNA298376_4263DT_vs_PRJNA298376_4263DN/PRJNA298376_4263DT_vs_PRJNA298376_4263DN.deepsomatic.vcf.gz	0eceb2c50ec3a13ecea43169d259031e	47703085	2026-08-30T03:19:03.743136
PRJNA298376_4263	dna_mutect2	/t9k/mnt/WorkSpace/data/ngs/xuzhenyu/work/seq2neo/output/PRJNA298376_4263/variant_calling/mutect2/PRJNA298376_4263DT_vs_PRJNA298376_4263DN/PRJNA298376_4263DT_vs_PRJNA298376_4263DN.mutect2.filtered.vcf.gz	3bc443756af27b98d1472f88a0ec37e7	8873577	2026-08-30T03:19:03.743136
PRJNA298376_4263	dna_strelka	/t9k/mnt/WorkSpace/data/ngs/xuzhenyu/work/seq2neo/output/PRJNA298376_4263/variant_calling/strelka/PRJNA298376_4263DT_vs_PRJNA298376_4263DN/PRJNA298376_4263DT_vs_PRJNA298376_4263DN.strelka.variants.vcf.gz	01e0d2923e4fafffb431815780e10b7e	14016511	2026-08-30T03:19:03.743136
PRJNA298376_4263	rna_deepsomatic	/t9k/mnt/WorkSpace/data/ngs/xuzhenyu/work/seq2neo/output/PRJNA298376_4263/vcf_realignment/variant_calling/deepsomatic/PRJNA298376_4263RT_realign_vs_PRJNA298376_4263DN/PRJNA298376_4263RT_realign_vs_PRJNA298376_4263DN.deepsomatic.vcf.gz	6c89e0d8886226d77d515d82d92cc60c	1648833	2026-08-30T03:19:03.743136
PRJNA298376_4263	rna_mutect2	/t9k/mnt/WorkSpace/data/ngs/xuzhenyu/work/seq2neo/output/PRJNA298376_4263/vcf_realignment/variant_calling/mutect2/PRJNA298376_4263RT_realign_vs_PRJNA298376_4263DN/PRJNA298376_4263RT_realign_vs_PRJNA298376_4263DN.mutect2.filtered.vcf.gz	1424d782579e0664c187a8bfb91ef38f	198517	2026-08-30T03:19:03.743136
PRJNA298376_4263	rna_strelka	/t9k/mnt/WorkSpace/data/ngs/xuzhenyu/work/seq2neo/output/PRJNA298376_4263/vcf_realignment/variant_calling/strelka/PRJNA298376_4263RT_realign_vs_PRJNA298376_4263DN/PRJNA298376_4263RT_realign_vs_PRJNA298376_4263DN.strelka.variants.vcf.gz	4d4be0e406ae1ef68bd062635aa2a330	19667900	2026-08-30T03:19:03.743136
PRJNA298376_4264	dna_deepsomatic	/t9k/mnt/WorkSpace/data/ngs/liuxin/seq2neo/output_1/PRJNA298376_4264/variant_calling/deepsomatic/PRJNA298376_4264DT_vs_PRJNA298376_4264DN/PRJNA298376_4264DT_vs_PRJNA298376_4264DN.deepsomatic.vcf.gz	07f67831daf207f497a3635563209f1c	19647582	2026-08-30T02:05:49.330130
PRJNA298376_4264	dna_mutect2	/t9k/mnt/WorkSpace/data/ngs/liuxin/seq2neo/output_1/PRJNA298376_4264/variant_calling/mutect2/PRJNA298376_4264DT_vs_PRJNA298376_4264DN/PRJNA298376_4264DT_vs_PRJNA298376_4264DN.mutect2.filtered.vcf.gz	ad3f9286a00022f92dcb21cd63593280	8557164	2026-08-30T02:05:49.330130
PRJNA298376_4264	dna_strelka	/t9k/mnt/WorkSpace/data/ngs/liuxin/seq2neo/output_1/PRJNA298376_4264/variant_calling/strelka/PRJNA298376_4264DT_vs_PRJNA298376_4264DN/PRJNA298376_4264DT_vs_PRJNA298376_4264DN.strelka.variants.vcf.gz	d3fc3d398e500cb2a55b8b70c8da3e32	10473052	2026-08-30T02:05:49.330130
PRJNA298376_4264	rna_deepsomatic	/t9k/mnt/WorkSpace/data/ngs/liuxin/seq2neo/output_1/PRJNA298376_4264/vcf_realignment/variant_calling/deepsomatic/PRJNA298376_4264RT_realign_vs_PRJNA298376_4264DN/PRJNA298376_4264RT_realign_vs_PRJNA298376_4264DN.deepsomatic.vcf.gz	f246309f6166db6740ec3586912bf94f	3662037	2026-08-30T02:05:49.330130
PRJNA298376_4264	rna_mutect2	/t9k/mnt/WorkSpace/data/ngs/liuxin/seq2neo/output_1/PRJNA298376_4264/vcf_realignment/variant_calling/mutect2/PRJNA298376_4264RT_realign_vs_PRJNA298376_4264DN/PRJNA298376_4264RT_realign_vs_PRJNA298376_4264DN.mutect2.filtered.vcf.gz	d5665f36375a77965c6c590ba2e74f25	642572	2026-08-30T02:05:49.330130
PRJNA298376_4264	rna_strelka	/t9k/mnt/WorkSpace/data/ngs/liuxin/seq2neo/output_1/PRJNA298376_4264/vcf_realignment/variant_calling/strelka/PRJNA298376_4264RT_realign_vs_PRJNA298376_4264DN/PRJNA298376_4264RT_realign_vs_PRJNA298376_4264DN.strelka.variants.vcf.gz	5f2e1e9bb4b3b773da04b2271229589a	6253943	2026-08-30T02:05:49.330130
PRJNA298376_4265	dna_deepsomatic	/t9k/mnt/WorkSpace/data/ngs/liuxin/seq2neo/output_1/PRJNA298376_4265/variant_calling/deepsomatic/PRJNA298376_4265DT_vs_PRJNA298376_4265DN/PRJNA298376_4265DT_vs_PRJNA298376_4265DN.deepsomatic.vcf.gz	b811e77d8e9e79a585af84f367c10378	21440117	2026-08-29T23:26:58.162958
PRJNA298376_4265	dna_mutect2	/t9k/mnt/WorkSpace/data/ngs/liuxin/seq2neo/output_1/PRJNA298376_4265/variant_calling/mutect2/PRJNA298376_4265DT_vs_PRJNA298376_4265DN/PRJNA298376_4265DT_vs_PRJNA298376_4265DN.mutect2.filtered.vcf.gz	61b938cd75defbb6a85c25727be3b0f2	3682158	2026-08-29T23:26:58.162958
PRJNA298376_4265	dna_strelka	/t9k/mnt/WorkSpace/data/ngs/liuxin/seq2neo/output_1/PRJNA298376_4265/variant_calling/strelka/PRJNA298376_4265DT_vs_PRJNA298376_4265DN/PRJNA298376_4265DT_vs_PRJNA298376_4265DN.strelka.variants.vcf.gz	98b4530a35f814f643ee60d8316ee040	5816667	2026-08-29T23:26:58.162958
PRJNA298376_4265	rna_deepsomatic	/t9k/mnt/WorkSpace/data/ngs/liuxin/seq2neo/output_1/PRJNA298376_4265/vcf_realignment/variant_calling/deepsomatic/PRJNA298376_4265RT_realign_vs_PRJNA298376_4265DN/PRJNA298376_4265RT_realign_vs_PRJNA298376_4265DN.deepsomatic.vcf.gz	afc9b672f8cd28f8c2353445033aea0b	2049775	2026-08-29T23:26:58.162958
PRJNA298376_4265	rna_mutect2	/t9k/mnt/WorkSpace/data/ngs/liuxin/seq2neo/output_1/PRJNA298376_4265/vcf_realignment/variant_calling/mutect2/PRJNA298376_4265RT_realign_vs_PRJNA298376_4265DN/PRJNA298376_4265RT_realign_vs_PRJNA298376_4265DN.mutect2.filtered.vcf.gz	d8a628cb2593ab505eef24c376f7d74e	630294	2026-08-29T23:26:58.162958
PRJNA298376_4265	rna_strelka	/t9k/mnt/WorkSpace/data/ngs/liuxin/seq2neo/output_1/PRJNA298376_4265/vcf_realignment/variant_calling/strelka/PRJNA298376_4265RT_realign_vs_PRJNA298376_4265DN/PRJNA298376_4265RT_realign_vs_PRJNA298376_4265DN.strelka.variants.vcf.gz	e548dda5cd6983df6defde6240bfa677	13185495	2026-08-29T23:26:58.162958
PRJNA298376_4266	dna_deepsomatic	/t9k/mnt/WorkSpace/data/ngs/xuzhenyu/work/seq2neo/output/PRJNA298376_4266/variant_calling/deepsomatic/PRJNA298376_4266DT_vs_PRJNA298376_4266DN/PRJNA298376_4266DT_vs_PRJNA298376_4266DN.deepsomatic.vcf.gz	60a6a5406f00b4cad2aa2f8a07e7cba1	15862238	2026-08-30T05:15:13.900350
PRJNA298376_4266	dna_mutect2	/t9k/mnt/WorkSpace/data/ngs/xuzhenyu/work/seq2neo/output/PRJNA298376_4266/variant_calling/mutect2/PRJNA298376_4266DT_vs_PRJNA298376_4266DN/PRJNA298376_4266DT_vs_PRJNA298376_4266DN.mutect2.filtered.vcf.gz	a95241a80376b924b13b9e06f27bbd31	4275154	2026-08-30T05:15:13.900350
PRJNA298376_4266	dna_strelka	/t9k/mnt/WorkSpace/data/ngs/xuzhenyu/work/seq2neo/output/PRJNA298376_4266/variant_calling/strelka/PRJNA298376_4266DT_vs_PRJNA298376_4266DN/PRJNA298376_4266DT_vs_PRJNA298376_4266DN.strelka.variants.vcf.gz	837550e7cdc7a94f98ec2c5c985e30bb	9148686	2026-08-30T05:15:13.900350
PRJNA298376_4266	rna_deepsomatic	/t9k/mnt/WorkSpace/data/ngs/xuzhenyu/work/seq2neo/output/PRJNA298376_4266/vcf_realignment/variant_calling/deepsomatic/PRJNA298376_4266RT_realign_vs_PRJNA298376_4266DN/PRJNA298376_4266RT_realign_vs_PRJNA298376_4266DN.deepsomatic.vcf.gz	cc154565baffceb65badaab4c06ab5f3	2622711	2026-08-30T05:15:13.900350
PRJNA298376_4266	rna_mutect2	/t9k/mnt/WorkSpace/data/ngs/xuzhenyu/work/seq2neo/output/PRJNA298376_4266/vcf_realignment/variant_calling/mutect2/PRJNA298376_4266RT_realign_vs_PRJNA298376_4266DN/PRJNA298376_4266RT_realign_vs_PRJNA298376_4266DN.mutect2.filtered.vcf.gz	2272391b330704940c6658d6dbdc42ef	694359	2026-08-30T05:15:13.900350
PRJNA298376_4266	rna_strelka	/t9k/mnt/WorkSpace/data/ngs/xuzhenyu/work/seq2neo/output/PRJNA298376_4266/vcf_realignment/variant_calling/strelka/PRJNA298376_4266RT_realign_vs_PRJNA298376_4266DN/PRJNA298376_4266RT_realign_vs_PRJNA298376_4266DN.strelka.variants.vcf.gz	a0703c4cede89747daa92a307244eb10	4304339	2026-08-30T05:15:13.900350
PRJNA298376_4268	dna_deepsomatic	/t9k/mnt/WorkSpace/data/ngs/zhanlingmin/Rnadnavar/output/4268_rnadnavar/variant_calling/deepsomatic/4268DT_vs_4268DN/4268DT_vs_4268DN.deepsomatic.vcf.gz	25f9a151563f3ee116c8befa041da661	22494363	2026-08-30T03:16:41.102902
PRJNA298376_4268	dna_mutect2	/t9k/mnt/WorkSpace/data/ngs/zhanlingmin/Rnadnavar/output/4268_rnadnavar/variant_calling/mutect2/4268DT_vs_4268DN/4268DT_vs_4268DN.mutect2.filtered.vcf.gz	26c51f2c13e39a95d1b1c25e8aa35945	6108384	2026-08-30T03:16:41.102902
PRJNA298376_4268	dna_strelka	/t9k/mnt/WorkSpace/data/ngs/zhanlingmin/Rnadnavar/output/4268_rnadnavar/variant_calling/strelka/4268DT_vs_4268DN/4268DT_vs_4268DN.strelka.variants.vcf.gz	d3764ce181a030ce98dbc43dc36429c9	11955000	2026-08-30T03:16:41.102902
PRJNA298376_4268	rna_deepsomatic	/t9k/mnt/WorkSpace/data/ngs/zhanlingmin/Rnadnavar/output/4268_rnadnavar/vcf_realignment/variant_calling/deepsomatic/4268RT_realign_vs_4268DN/4268RT_realign_vs_4268DN.deepsomatic.vcf.gz	8ae36e2f6aacfe64808c5860f6dee63b	3121223	2026-08-30T03:16:41.102902
PRJNA298376_4268	rna_mutect2	/t9k/mnt/WorkSpace/data/ngs/zhanlingmin/Rnadnavar/output/4268_rnadnavar/vcf_realignment/variant_calling/mutect2/4268RT_realign_vs_4268DN/4268RT_realign_vs_4268DN.mutect2.filtered.vcf.gz	8c5db673680b98893310b85604c77099	415693	2026-08-30T03:16:41.102902
PRJNA298376_4268	rna_strelka	/t9k/mnt/WorkSpace/data/ngs/zhanlingmin/Rnadnavar/output/4268_rnadnavar/vcf_realignment/variant_calling/strelka/4268RT_realign_vs_4268DN/4268RT_realign_vs_4268DN.strelka.variants.vcf.gz	788a1ffabc6d7dfae4472e128bb21479	5793037	2026-08-30T03:16:41.102902
PRJNA298376_4270	dna_deepsomatic	/t9k/mnt/WorkSpace/data/ngs/liuxin/seq2neo/output_1/PRJNA298376_4270/variant_calling/deepsomatic/PRJNA298376_4270DT_vs_PRJNA298376_4270DN/PRJNA298376_4270DT_vs_PRJNA298376_4270DN.deepsomatic.vcf.gz	d3abfb3ba76949d9ccb4ca934f586c13	17221017	2026-08-30T00:56:11.577802
PRJNA298376_4270	dna_mutect2	/t9k/mnt/WorkSpace/data/ngs/liuxin/seq2neo/output_1/PRJNA298376_4270/variant_calling/mutect2/PRJNA298376_4270DT_vs_PRJNA298376_4270DN/PRJNA298376_4270DT_vs_PRJNA298376_4270DN.mutect2.filtered.vcf.gz	3cd72dc77845063f6ba935357e7cfff6	817075	2026-08-30T00:56:11.577802
PRJNA298376_4270	dna_strelka	/t9k/mnt/WorkSpace/data/ngs/liuxin/seq2neo/output_1/PRJNA298376_4270/variant_calling/strelka/PRJNA298376_4270DT_vs_PRJNA298376_4270DN/PRJNA298376_4270DT_vs_PRJNA298376_4270DN.strelka.variants.vcf.gz	d0b159555f4b5fcc3fbfcd617057bdfb	2716663	2026-08-30T00:56:11.577802
PRJNA298376_4270	rna_deepsomatic	/t9k/mnt/WorkSpace/data/ngs/liuxin/seq2neo/output_1/PRJNA298376_4270/vcf_realignment/variant_calling/deepsomatic/PRJNA298376_4270RT_realign_vs_PRJNA298376_4270DN/PRJNA298376_4270RT_realign_vs_PRJNA298376_4270DN.deepsomatic.vcf.gz	7370c0f3450400b1d60f3bfe8eb7cd63	3358741	2026-08-30T00:56:11.577802
PRJNA298376_4270	rna_mutect2	/t9k/mnt/WorkSpace/data/ngs/liuxin/seq2neo/output_1/PRJNA298376_4270/vcf_realignment/variant_calling/mutect2/PRJNA298376_4270RT_realign_vs_PRJNA298376_4270DN/PRJNA298376_4270RT_realign_vs_PRJNA298376_4270DN.mutect2.filtered.vcf.gz	06b4fb46465c6dd5dac38a7974f27942	526789	2026-08-30T00:56:11.577802
PRJNA298376_4270	rna_strelka	/t9k/mnt/WorkSpace/data/ngs/liuxin/seq2neo/output_1/PRJNA298376_4270/vcf_realignment/variant_calling/strelka/PRJNA298376_4270RT_realign_vs_PRJNA298376_4270DN/PRJNA298376_4270RT_realign_vs_PRJNA298376_4270DN.strelka.variants.vcf.gz	b0eee7ef34a318d5903ad21f2eca46a0	5431658	2026-08-30T00:56:11.577802
PRJNA298376_4271	dna_deepsomatic	/t9k/mnt/WorkSpace/data/ngs/zhanlingmin/Rnadnavar/output/4271_rnadnavar/variant_calling/deepsomatic/4271DT_vs_4271DN/4271DT_vs_4271DN.deepsomatic.vcf.gz	fd67e182833359b2c43df5f68298ae8f	26985290	2026-08-30T06:22:45.761909
PRJNA298376_4271	dna_mutect2	/t9k/mnt/WorkSpace/data/ngs/zhanlingmin/Rnadnavar/output/4271_rnadnavar/variant_calling/mutect2/4271DT_vs_4271DN/4271DT_vs_4271DN.mutect2.filtered.vcf.gz	bd6639c95d27e3339d4cc32110cdd882	1712507	2026-08-30T06:22:45.761909
PRJNA298376_4271	dna_strelka	/t9k/mnt/WorkSpace/data/ngs/zhanlingmin/Rnadnavar/output/4271_rnadnavar/variant_calling/strelka/4271DT_vs_4271DN/4271DT_vs_4271DN.strelka.variants.vcf.gz	a8e66df78b0e1603eebf013858213a81	4148067	2026-08-30T06:22:45.761909
PRJNA298376_4271	rna_deepsomatic	/t9k/mnt/WorkSpace/data/ngs/zhanlingmin/Rnadnavar/output/4271_rnadnavar/vcf_realignment/variant_calling/deepsomatic/4271RT_realign_vs_4271DN/4271RT_realign_vs_4271DN.deepsomatic.vcf.gz	49eeb26893b62b885cb27c8d6cf31617	7349845	2026-08-30T06:22:45.761909
PRJNA298376_4271	rna_mutect2	/t9k/mnt/WorkSpace/data/ngs/zhanlingmin/Rnadnavar/output/4271_rnadnavar/vcf_realignment/variant_calling/mutect2/4271RT_realign_vs_4271DN/4271RT_realign_vs_4271DN.mutect2.filtered.vcf.gz	341528fd220396eb5d02cd49f900dc9e	416573	2026-08-30T06:22:45.761909
PRJNA298376_4271	rna_strelka	/t9k/mnt/WorkSpace/data/ngs/zhanlingmin/Rnadnavar/output/4271_rnadnavar/vcf_realignment/variant_calling/strelka/4271RT_realign_vs_4271DN/4271RT_realign_vs_4271DN.strelka.variants.vcf.gz	15d4b6c4978f7080bf60edf3e2318fb2	9660117	2026-08-30T06:22:45.761909
PRJNA298376_4272	dna_deepsomatic	/t9k/mnt/WorkSpace/data/ngs/liuxin/seq2neo/output_1/PRJNA298376_4272/variant_calling/deepsomatic/PRJNA298376_4272DT_vs_PRJNA298376_4272DN/PRJNA298376_4272DT_vs_PRJNA298376_4272DN.deepsomatic.vcf.gz	e98ab3efee7e49f4bc07a32950207c7d	23377866	2026-08-30T04:32:46.443109
PRJNA298376_4272	dna_mutect2	/t9k/mnt/WorkSpace/data/ngs/liuxin/seq2neo/output_1/PRJNA298376_4272/variant_calling/mutect2/PRJNA298376_4272DT_vs_PRJNA298376_4272DN/PRJNA298376_4272DT_vs_PRJNA298376_4272DN.mutect2.filtered.vcf.gz	96f20753fd7dd104fef79be0415ee63b	5422173	2026-08-30T04:32:46.443109
PRJNA298376_4272	dna_strelka	/t9k/mnt/WorkSpace/data/ngs/liuxin/seq2neo/output_1/PRJNA298376_4272/variant_calling/strelka/PRJNA298376_4272DT_vs_PRJNA298376_4272DN/PRJNA298376_4272DT_vs_PRJNA298376_4272DN.strelka.variants.vcf.gz	b1accab4db46c35a1957d28ac28525d3	6433371	2026-08-30T04:32:46.443109
PRJNA298376_4272	rna_deepsomatic	/t9k/mnt/WorkSpace/data/ngs/liuxin/seq2neo/output_1/PRJNA298376_4272/vcf_realignment/variant_calling/deepsomatic/PRJNA298376_4272RT_realign_vs_PRJNA298376_4272DN/PRJNA298376_4272RT_realign_vs_PRJNA298376_4272DN.deepsomatic.vcf.gz	41b13f64af902bcb36d3cd452d6df077	5820814	2026-08-30T04:32:46.443109
PRJNA298376_4272	rna_mutect2	/t9k/mnt/WorkSpace/data/ngs/liuxin/seq2neo/output_1/PRJNA298376_4272/vcf_realignment/variant_calling/mutect2/PRJNA298376_4272RT_realign_vs_PRJNA298376_4272DN/PRJNA298376_4272RT_realign_vs_PRJNA298376_4272DN.mutect2.filtered.vcf.gz	8a38d136206fc1365cb9308d722d8cfc	342358	2026-08-30T04:32:46.443109
PRJNA298376_4272	rna_strelka	/t9k/mnt/WorkSpace/data/ngs/liuxin/seq2neo/output_1/PRJNA298376_4272/vcf_realignment/variant_calling/strelka/PRJNA298376_4272RT_realign_vs_PRJNA298376_4272DN/PRJNA298376_4272RT_realign_vs_PRJNA298376_4272DN.strelka.variants.vcf.gz	4303f67b7683fa3655de0b3897744963	10715872	2026-08-30T04:32:46.443109
PRJNA298376_4273	dna_deepsomatic	/t9k/mnt/WorkSpace/data/ngs/liuxin/seq2neo/output_1/PRJNA298376_4273/variant_calling/deepsomatic/PRJNA298376_4273DT_vs_PRJNA298376_4273DN/PRJNA298376_4273DT_vs_PRJNA298376_4273DN.deepsomatic.vcf.gz	7b75132d5f75d908e075e0ed488f7810	28327378	2026-08-30T02:03:42.640962
PRJNA298376_4273	dna_mutect2	/t9k/mnt/WorkSpace/data/ngs/liuxin/seq2neo/output_1/PRJNA298376_4273/variant_calling/mutect2/PRJNA298376_4273DT_vs_PRJNA298376_4273DN/PRJNA298376_4273DT_vs_PRJNA298376_4273DN.mutect2.filtered.vcf.gz	15ae25a7a61d1fe7a389adf18d487527	4500789	2026-08-30T02:03:42.640962
PRJNA298376_4273	dna_strelka	/t9k/mnt/WorkSpace/data/ngs/liuxin/seq2neo/output_1/PRJNA298376_4273/variant_calling/strelka/PRJNA298376_4273DT_vs_PRJNA298376_4273DN/PRJNA298376_4273DT_vs_PRJNA298376_4273DN.strelka.variants.vcf.gz	5f95cf8756dd605b689bbac6fb2b2d26	8477107	2026-08-30T02:03:42.640962
PRJNA298376_4273	rna_deepsomatic	/t9k/mnt/WorkSpace/data/ngs/liuxin/seq2neo/output_1/PRJNA298376_4273/vcf_realignment/variant_calling/deepsomatic/PRJNA298376_4273RT_realign_vs_PRJNA298376_4273DN/PRJNA298376_4273RT_realign_vs_PRJNA298376_4273DN.deepsomatic.vcf.gz	ffeff2386955d06375f3ba2269c749cb	4815131	2026-08-30T02:03:42.640962
PRJNA298376_4273	rna_mutect2	/t9k/mnt/WorkSpace/data/ngs/liuxin/seq2neo/output_1/PRJNA298376_4273/vcf_realignment/variant_calling/mutect2/PRJNA298376_4273RT_realign_vs_PRJNA298376_4273DN/PRJNA298376_4273RT_realign_vs_PRJNA298376_4273DN.mutect2.filtered.vcf.gz	780d78c1375f15825e97c6527746072a	1184573	2026-08-30T02:03:42.640962
PRJNA298376_4273	rna_strelka	/t9k/mnt/WorkSpace/data/ngs/liuxin/seq2neo/output_1/PRJNA298376_4273/vcf_realignment/variant_calling/strelka/PRJNA298376_4273RT_realign_vs_PRJNA298376_4273DN/PRJNA298376_4273RT_realign_vs_PRJNA298376_4273DN.strelka.variants.vcf.gz	33b6e77f5811ec57a0803ecd581761bc	12551332	2026-08-30T02:03:42.640962
PRJNA298376_4274	dna_deepsomatic	/t9k/mnt/WorkSpace/data/ngs/liuxin/seq2neo/output_1/PRJNA298376_4274/variant_calling/deepsomatic/PRJNA298376_4274DT_vs_PRJNA298376_4274DN/PRJNA298376_4274DT_vs_PRJNA298376_4274DN.deepsomatic.vcf.gz	af06283a5754ce5b332c865509792e50	32144857	2026-08-30T07:57:31.861598
PRJNA298376_4274	dna_mutect2	/t9k/mnt/WorkSpace/data/ngs/liuxin/seq2neo/output_1/PRJNA298376_4274/variant_calling/mutect2/PRJNA298376_4274DT_vs_PRJNA298376_4274DN/PRJNA298376_4274DT_vs_PRJNA298376_4274DN.mutect2.filtered.vcf.gz	05b57b17ac90c20ff2590913791fe776	859068	2026-08-30T07:57:31.861598
PRJNA298376_4274	dna_strelka	/t9k/mnt/WorkSpace/data/ngs/liuxin/seq2neo/output_1/PRJNA298376_4274/variant_calling/strelka/PRJNA298376_4274DT_vs_PRJNA298376_4274DN/PRJNA298376_4274DT_vs_PRJNA298376_4274DN.strelka.variants.vcf.gz	67a2fc4bdf2d5dc1df8dcc5d3feb0c9e	4849162	2026-08-30T07:57:31.861598
PRJNA298376_4274	rna_deepsomatic	/t9k/mnt/WorkSpace/data/ngs/liuxin/seq2neo/output_1/PRJNA298376_4274/vcf_realignment/variant_calling/deepsomatic/PRJNA298376_4274RT_realign_vs_PRJNA298376_4274DN/PRJNA298376_4274RT_realign_vs_PRJNA298376_4274DN.deepsomatic.vcf.gz	96ec081e0b6c66af68b266dfa4d1fe5e	3551151	2026-08-30T07:57:31.861598
PRJNA298376_4274	rna_mutect2	/t9k/mnt/WorkSpace/data/ngs/liuxin/seq2neo/output_1/PRJNA298376_4274/vcf_realignment/variant_calling/mutect2/PRJNA298376_4274RT_realign_vs_PRJNA298376_4274DN/PRJNA298376_4274RT_realign_vs_PRJNA298376_4274DN.mutect2.filtered.vcf.gz	fe03d79c3fc6d7d43e4d0080b8a99ecc	577110	2026-08-30T07:57:31.861598
PRJNA298376_4274	rna_strelka	/t9k/mnt/WorkSpace/data/ngs/liuxin/seq2neo/output_1/PRJNA298376_4274/vcf_realignment/variant_calling/strelka/PRJNA298376_4274RT_realign_vs_PRJNA298376_4274DN/PRJNA298376_4274RT_realign_vs_PRJNA298376_4274DN.strelka.variants.vcf.gz	79fef8d636e7a51e88955eb22e50c51b	6678481	2026-08-30T07:57:31.861598
PRJNA298376_4275	dna_deepsomatic	/t9k/mnt/WorkSpace/data/ngs/zhanlingmin/Rnadnavar/output/4275_rnadnavar/variant_calling/deepsomatic/4275DT_vs_4275DN/4275DT_vs_4275DN.deepsomatic.vcf.gz	17f84ad8e980421fcc9fd5e8b1b03649	23481721	2026-08-30T05:54:55.223491
PRJNA298376_4275	dna_mutect2	/t9k/mnt/WorkSpace/data/ngs/zhanlingmin/Rnadnavar/output/4275_rnadnavar/variant_calling/mutect2/4275DT_vs_4275DN/4275DT_vs_4275DN.mutect2.filtered.vcf.gz	93628e221c34738d27485696a2a26130	3207725	2026-08-30T05:54:55.223491
PRJNA298376_4275	dna_strelka	/t9k/mnt/WorkSpace/data/ngs/zhanlingmin/Rnadnavar/output/4275_rnadnavar/variant_calling/strelka/4275DT_vs_4275DN/4275DT_vs_4275DN.strelka.variants.vcf.gz	c4d83c54124ff1663ee5fe3e5849d49f	4753228	2026-08-30T05:54:55.223491
PRJNA298376_4275	rna_deepsomatic	/t9k/mnt/WorkSpace/data/ngs/zhanlingmin/Rnadnavar/output/4275_rnadnavar/vcf_realignment/variant_calling/deepsomatic/4275RT_realign_vs_4275DN/4275RT_realign_vs_4275DN.deepsomatic.vcf.gz	501a95aaac1ad17c187203b1777de6fa	8215456	2026-08-30T05:54:55.223491
PRJNA298376_4275	rna_mutect2	/t9k/mnt/WorkSpace/data/ngs/zhanlingmin/Rnadnavar/output/4275_rnadnavar/vcf_realignment/variant_calling/mutect2/4275RT_realign_vs_4275DN/4275RT_realign_vs_4275DN.mutect2.filtered.vcf.gz	55562ba6628b73b22615a2e803bdbeaf	686995	2026-08-30T05:54:55.223491
PRJNA298376_4275	rna_strelka	/t9k/mnt/WorkSpace/data/ngs/zhanlingmin/Rnadnavar/output/4275_rnadnavar/vcf_realignment/variant_calling/strelka/4275RT_realign_vs_4275DN/4275RT_realign_vs_4275DN.strelka.variants.vcf.gz	c9f44fb802df4ae3f3587ed93387ff92	16050755	2026-08-30T05:54:55.223491
PRJNA298376_4278	dna_deepsomatic	/t9k/mnt/WorkSpace/data/ngs/zhanlingmin/Rnadnavar/output/4278_rnadnavar/variant_calling/deepsomatic/4278DT_vs_4278DN/4278DT_vs_4278DN.deepsomatic.vcf.gz	07f8ee9e4836e20b9f59e58d3e698837	25506268	2026-09-01T08:03:52.488341
PRJNA298376_4278	dna_mutect2	/t9k/mnt/WorkSpace/data/ngs/zhanlingmin/Rnadnavar/output/4278_rnadnavar/variant_calling/mutect2/4278DT_vs_4278DN/4278DT_vs_4278DN.mutect2.filtered.vcf.gz	b621c24b1a8566deb4155082fe093c0f	4772521	2026-09-01T08:03:52.488341
PRJNA298376_4278	dna_strelka	/t9k/mnt/WorkSpace/data/ngs/zhanlingmin/Rnadnavar/output/4278_rnadnavar/variant_calling/strelka/4278DT_vs_4278DN/4278DT_vs_4278DN.strelka.variants.vcf.gz	30e518a2e8f9f75038875c8224f07b61	6573153	2026-09-01T08:03:52.488341
PRJNA298376_4278	rna_deepsomatic	/t9k/mnt/WorkSpace/data/ngs/zhanlingmin/Rnadnavar/output/4278_rnadnavar/vcf_realignment/variant_calling/deepsomatic/4278RT_realign_vs_4278DN/4278RT_realign_vs_4278DN.deepsomatic.vcf.gz	224f131f804b090d6111456ddca09bd8	4297580	2026-09-01T08:03:52.488341
PRJNA298376_4278	rna_mutect2	/t9k/mnt/WorkSpace/data/ngs/zhanlingmin/Rnadnavar/output/4278_rnadnavar/vcf_realignment/variant_calling/mutect2/4278RT_realign_vs_4278DN/4278RT_realign_vs_4278DN.mutect2.filtered.vcf.gz	10f1ff8e55588ffd5aff904f0941bc87	591595	2026-09-01T08:03:52.488341
PRJNA298376_4278	rna_strelka	/t9k/mnt/WorkSpace/data/ngs/zhanlingmin/Rnadnavar/output/4278_rnadnavar/vcf_realignment/variant_calling/strelka/4278RT_realign_vs_4278DN/4278RT_realign_vs_4278DN.strelka.variants.vcf.gz	2f9d96cd9185314aa5ccd535e355aed6	16776130	2026-09-01T08:03:52.488341
PRJNA298376_4283	dna_deepsomatic	/t9k/mnt/WorkSpace/data/ngs/zhanlingmin/Rnadnavar/output/4283_rnadnavar/variant_calling/deepsomatic/4283DT_vs_4283DN/4283DT_vs_4283DN.deepsomatic.vcf.gz	89c195550954001cbb61ea439ac5b14f	13634606	2026-08-30T03:28:51.032150
PRJNA298376_4283	dna_mutect2	/t9k/mnt/WorkSpace/data/ngs/zhanlingmin/Rnadnavar/output/4283_rnadnavar/variant_calling/mutect2/4283DT_vs_4283DN/4283DT_vs_4283DN.mutect2.filtered.vcf.gz	bf6c36cfb90ad9909b8ee2d7ffcff832	745548	2026-08-30T03:28:51.032150
PRJNA298376_4283	dna_strelka	/t9k/mnt/WorkSpace/data/ngs/zhanlingmin/Rnadnavar/output/4283_rnadnavar/variant_calling/strelka/4283DT_vs_4283DN/4283DT_vs_4283DN.strelka.variants.vcf.gz	688e21ed22db20a527f50c1b97e30e58	2906627	2026-08-30T03:28:51.032150
PRJNA298376_4283	rna_deepsomatic	/t9k/mnt/WorkSpace/data/ngs/zhanlingmin/Rnadnavar/output/4283_rnadnavar/vcf_realignment/variant_calling/deepsomatic/4283RT_realign_vs_4283DN/4283RT_realign_vs_4283DN.deepsomatic.vcf.gz	b888f90e716cd144905ca6341fbb25ec	2006809	2026-08-30T03:28:51.032150
PRJNA298376_4283	rna_mutect2	/t9k/mnt/WorkSpace/data/ngs/zhanlingmin/Rnadnavar/output/4283_rnadnavar/vcf_realignment/variant_calling/mutect2/4283RT_realign_vs_4283DN/4283RT_realign_vs_4283DN.mutect2.filtered.vcf.gz	814582ed9ae16f15420ceb544c5c696c	631419	2026-08-30T03:28:51.032150
PRJNA298376_4283	rna_strelka	/t9k/mnt/WorkSpace/data/ngs/zhanlingmin/Rnadnavar/output/4283_rnadnavar/vcf_realignment/variant_calling/strelka/4283RT_realign_vs_4283DN/4283RT_realign_vs_4283DN.strelka.variants.vcf.gz	d2766dd388599c033c3cb0571187dd1c	7652956	2026-08-30T03:28:51.032150
PRJNA298376_4284	dna_deepsomatic	/t9k/mnt/WorkSpace/data/ngs/zhanlingmin/Rnadnavar/output/4284_rnadnavar/variant_calling/deepsomatic/4284DT_vs_4284DN/4284DT_vs_4284DN.deepsomatic.vcf.gz	f45c5ccd1c8ed922e6793670256845e1	14403811	2026-08-30T09:22:49.805480
PRJNA298376_4284	dna_mutect2	/t9k/mnt/WorkSpace/data/ngs/zhanlingmin/Rnadnavar/output/4284_rnadnavar/variant_calling/mutect2/4284DT_vs_4284DN/4284DT_vs_4284DN.mutect2.filtered.vcf.gz	4fef3ca03a5710f28ddc655a1ac03443	755788	2026-08-30T09:22:49.805480
PRJNA298376_4284	dna_strelka	/t9k/mnt/WorkSpace/data/ngs/zhanlingmin/Rnadnavar/output/4284_rnadnavar/variant_calling/strelka/4284DT_vs_4284DN/4284DT_vs_4284DN.strelka.variants.vcf.gz	929d4abad916fdf975b18750c8dd209c	3380024	2026-08-30T09:22:49.805480
PRJNA298376_4284	rna_deepsomatic	/t9k/mnt/WorkSpace/data/ngs/zhanlingmin/Rnadnavar/output/4284_rnadnavar/vcf_realignment/variant_calling/deepsomatic/4284RT_realign_vs_4284DN/4284RT_realign_vs_4284DN.deepsomatic.vcf.gz	19c0df58f881a16fc6eca7e1ac926a50	2710170	2026-08-30T09:22:49.805480
PRJNA298376_4284	rna_mutect2	/t9k/mnt/WorkSpace/data/ngs/zhanlingmin/Rnadnavar/output/4284_rnadnavar/vcf_realignment/variant_calling/mutect2/4284RT_realign_vs_4284DN/4284RT_realign_vs_4284DN.mutect2.filtered.vcf.gz	2db599465cb8d1e99b7c6f038dab422c	529686	2026-08-30T09:22:49.805480
PRJNA298376_4284	rna_strelka	/t9k/mnt/WorkSpace/data/ngs/zhanlingmin/Rnadnavar/output/4284_rnadnavar/vcf_realignment/variant_calling/strelka/4284RT_realign_vs_4284DN/4284RT_realign_vs_4284DN.strelka.variants.vcf.gz	d72a57b2b369249807028025654ee06f	9964918	2026-08-30T09:22:49.805480
PRJNA298376_4285	dna_deepsomatic	/t9k/mnt/WorkSpace/data/ngs/liuxin/seq2neo/output_1/PRJNA298376_4285/variant_calling/deepsomatic/PRJNA298376_4285DT_vs_PRJNA298376_4285DN/PRJNA298376_4285DT_vs_PRJNA298376_4285DN.deepsomatic.vcf.gz	2950e9421b043dd38fa1a69810fa349b	17218583	2026-08-30T07:23:47.049505
PRJNA298376_4285	dna_mutect2	/t9k/mnt/WorkSpace/data/ngs/liuxin/seq2neo/output_1/PRJNA298376_4285/variant_calling/mutect2/PRJNA298376_4285DT_vs_PRJNA298376_4285DN/PRJNA298376_4285DT_vs_PRJNA298376_4285DN.mutect2.filtered.vcf.gz	b079b3a98e1b271520830f8477030046	846314	2026-08-30T07:23:47.049505
PRJNA298376_4285	dna_strelka	/t9k/mnt/WorkSpace/data/ngs/liuxin/seq2neo/output_1/PRJNA298376_4285/variant_calling/strelka/PRJNA298376_4285DT_vs_PRJNA298376_4285DN/PRJNA298376_4285DT_vs_PRJNA298376_4285DN.strelka.variants.vcf.gz	c967d6ab41ca6d39f7aceb8539312f57	3108201	2026-08-30T07:23:47.049505
PRJNA298376_4285	rna_deepsomatic	/t9k/mnt/WorkSpace/data/ngs/liuxin/seq2neo/output_1/PRJNA298376_4285/vcf_realignment/variant_calling/deepsomatic/PRJNA298376_4285RT_realign_vs_PRJNA298376_4285DN/PRJNA298376_4285RT_realign_vs_PRJNA298376_4285DN.deepsomatic.vcf.gz	87ffef9495c6b41ed2d7a458590e26d2	743978	2026-08-30T07:23:47.049505
PRJNA298376_4285	rna_mutect2	/t9k/mnt/WorkSpace/data/ngs/liuxin/seq2neo/output_1/PRJNA298376_4285/vcf_realignment/variant_calling/mutect2/PRJNA298376_4285RT_realign_vs_PRJNA298376_4285DN/PRJNA298376_4285RT_realign_vs_PRJNA298376_4285DN.mutect2.filtered.vcf.gz	d03b9e44d5fbcc026cc754895ee61406	184826	2026-08-30T07:23:47.049505
PRJNA298376_4285	rna_strelka	/t9k/mnt/WorkSpace/data/ngs/liuxin/seq2neo/output_1/PRJNA298376_4285/vcf_realignment/variant_calling/strelka/PRJNA298376_4285RT_realign_vs_PRJNA298376_4285DN/PRJNA298376_4285RT_realign_vs_PRJNA298376_4285DN.strelka.variants.vcf.gz	f4e4f48704bf18506fe8d221a0a6c970	3695473	2026-08-30T07:23:47.049505
